assessment_name,url,description,test_type,category,full_text
Account Manager Solution,https://www.shl.com/products/product-catalog/view/account-manager-solution/,,K,General,Account Manager Solution  General K
Administrative Professional - Short Form,https://www.shl.com/products/product-catalog/view/administrative-professional-short-form/,,K,General,Administrative Professional - Short Form  General K
Agency Manager Solution,https://www.shl.com/products/product-catalog/view/agency-manager-solution/,,K,General,Agency Manager Solution  General K
Bank Administrative Assistant - Short Form,https://www.shl.com/products/product-catalog/view/bank-administrative-assistant-short-form/,,K,General,Bank Administrative Assistant - Short Form  General K
Bank Collections Agent - Short Form,https://www.shl.com/products/product-catalog/view/bank-collections-agent-short-form/,,K,General,Bank Collections Agent - Short Form  General K
Bank Operations Supervisor - Short Form,https://www.shl.com/products/product-catalog/view/bank-operations-supervisor-short-form/,,K,General,Bank Operations Supervisor - Short Form  General K
Bilingual Spanish Reservation Agent Solution,https://www.shl.com/products/product-catalog/view/bilingual-spanish-reservation-agent-solution/,,K,General,Bilingual Spanish Reservation Agent Solution  General K
"Bookkeeping, Accounting, Auditing Clerk Short Form",https://www.shl.com/products/product-catalog/view/bookkeeping-accounting-auditing-clerk-short-form/,,K,General,"Bookkeeping, Accounting, Auditing Clerk Short Form  General K"
Branch Manager - Short Form,https://www.shl.com/products/product-catalog/view/branch-manager-short-form/,,K,General,Branch Manager - Short Form  General K
Cashier Solution,https://www.shl.com/products/product-catalog/view/cashier-solution/,,K,General,Cashier Solution  General K
Global Skills Development Report,https://www.shl.com/products/product-catalog/view/global-skills-development-report/,,K,General,Global Skills Development Report  General K
.NET Framework 4.5,https://www.shl.com/products/product-catalog/view/net-framework-4-5/,,K,General,.NET Framework 4.5  General K
.NET MVC (New),https://www.shl.com/products/product-catalog/view/net-mvc-new/,,K,General,.NET MVC (New)  General K
.NET MVVM (New),https://www.shl.com/products/product-catalog/view/net-mvvm-new/,,K,General,.NET MVVM (New)  General K
.NET WCF (New),https://www.shl.com/products/product-catalog/view/net-wcf-new/,,K,General,.NET WCF (New)  General K
.NET WPF (New),https://www.shl.com/products/product-catalog/view/net-wpf-new/,,K,General,.NET WPF (New)  General K
.NET XAML (New),https://www.shl.com/products/product-catalog/view/net-xaml-new/,,K,General,.NET XAML (New)  General K
Accounts Payable (New),https://www.shl.com/products/product-catalog/view/accounts-payable-new/,,K,General,Accounts Payable (New)  General K
Accounts Payable Simulation (New),https://www.shl.com/products/product-catalog/view/accounts-payable-simulation-new/,,K,General,Accounts Payable Simulation (New)  General K
Accounts Receivable (New),https://www.shl.com/products/product-catalog/view/accounts-receivable-new/,,K,General,Accounts Receivable (New)  General K
Accounts Receivable Simulation (New),https://www.shl.com/products/product-catalog/view/accounts-receivable-simulation-new/,,K,General,Accounts Receivable Simulation (New)  General K
ADO.NET (New),https://www.shl.com/products/product-catalog/view/ado-net-new/,,K,General,ADO.NET (New)  General K
Adobe Experience Manager (New),https://www.shl.com/products/product-catalog/view/adobe-experience-manager-new/,,K,General,Adobe Experience Manager (New)  General K
Adobe Photoshop CC,https://www.shl.com/products/product-catalog/view/adobe-photoshop-cc/,,K,General,Adobe Photoshop CC  General K
Aeronautical Engineering (New),https://www.shl.com/products/product-catalog/view/aeronautical-engineering-new/,,K,General,Aeronautical Engineering (New)  General K
Aerospace Engineering (New),https://www.shl.com/products/product-catalog/view/aerospace-engineering-new/,,K,General,Aerospace Engineering (New)  General K
Agile Software Development,https://www.shl.com/products/product-catalog/view/agile-software-development/,,K,General,Agile Software Development  General K
Agile Testing (New),https://www.shl.com/products/product-catalog/view/agile-testing-new/,,K,General,Agile Testing (New)  General K
AI Skills,https://www.shl.com/products/product-catalog/view/ai-skills/,,K,General,AI Skills  General K
Amazon Web Services (AWS) Development (New),https://www.shl.com/products/product-catalog/view/amazon-web-services-aws-development-new/,,K,General,Amazon Web Services (AWS) Development (New)  General K
Android Development (New),https://www.shl.com/products/product-catalog/view/android-development-new/,,K,General,Android Development (New)  General K
Angular 6 (New),https://www.shl.com/products/product-catalog/view/angular-6-new/,,K,General,Angular 6 (New)  General K
AngularJS (New),https://www.shl.com/products/product-catalog/view/angularjs-new/,,K,General,AngularJS (New)  General K
Apache Hadoop (New),https://www.shl.com/products/product-catalog/view/apache-hadoop-new/,,K,General,Apache Hadoop (New)  General K
Apache Hadoop Extensions (New),https://www.shl.com/products/product-catalog/view/apache-hadoop-extensions-new/,,K,General,Apache Hadoop Extensions (New)  General K
Apache HBase (New),https://www.shl.com/products/product-catalog/view/apache-hbase-new/,,K,General,Apache HBase (New)  General K
Apache Hive (New),https://www.shl.com/products/product-catalog/view/apache-hive-new/,,K,General,Apache Hive (New)  General K
Apache Kafka (New),https://www.shl.com/products/product-catalog/view/apache-kafka-new/,,K,General,Apache Kafka (New)  General K
Apache Pig (New),https://www.shl.com/products/product-catalog/view/apache-pig-new/,,K,General,Apache Pig (New)  General K
Apache Spark (New),https://www.shl.com/products/product-catalog/view/apache-spark-new/,,K,General,Apache Spark (New)  General K
ASP .NET with C# (New),https://www.shl.com/products/product-catalog/view/asp-net-with-c-new/,,K,General,ASP .NET with C# (New)  General K
ASP.NET 4.5,https://www.shl.com/products/product-catalog/view/asp-net-4-5/,,K,General,ASP.NET 4.5  General K
Assessment and Development Center Exercises,https://www.shl.com/products/product-catalog/view/assessment-and-development-center-exercises/,,K,General,Assessment and Development Center Exercises  General K
Automata - Fix (New),https://www.shl.com/products/product-catalog/view/automata-fix-new/,,K,General,Automata - Fix (New)  General K
Automata - SQL (New),https://www.shl.com/products/product-catalog/view/automata-sql-new/,,K,General,Automata - SQL (New)  General K
Automata (New),https://www.shl.com/products/product-catalog/view/automata-new/,,K,General,Automata (New)  General K
Automata Data Science (New),https://www.shl.com/products/product-catalog/view/automata-data-science-new/,,K,General,Automata Data Science (New)  General K
Automata Data Science Pro (New),https://www.shl.com/products/product-catalog/view/automata-data-science-pro-new/,,K,General,Automata Data Science Pro (New)  General K
Automata Front End,https://www.shl.com/products/product-catalog/view/automata-front-end/,,K,General,Automata Front End  General K
Automata Pro (New),https://www.shl.com/products/product-catalog/view/automata-pro-new/,,K,General,Automata Pro (New)  General K
Automata Selenium,https://www.shl.com/products/product-catalog/view/automata-selenium/,,K,General,Automata Selenium  General K
Automation Anywhere RPA Development (New),https://www.shl.com/products/product-catalog/view/automation-anywhere-rpa-development-new/,,K,General,Automation Anywhere RPA Development (New)  General K
Automotive Engineering (New),https://www.shl.com/products/product-catalog/view/automotive-engineering-new/,,K,General,Automotive Engineering (New)  General K
Basic Biology (New),https://www.shl.com/products/product-catalog/view/basic-biology-new/,,K,General,Basic Biology (New)  General K
Basic Computer Literacy (Windows 10) (New),https://www.shl.com/products/product-catalog/view/basic-computer-literacy-windows-10-new/,,K,General,Basic Computer Literacy (Windows 10) (New)  General K
Basic Statistics (New),https://www.shl.com/products/product-catalog/view/basic-statistics-new/,,K,General,Basic Statistics (New)  General K
Biochemistry (New),https://www.shl.com/products/product-catalog/view/biochemistry-new/,,K,General,Biochemistry (New)  General K
Biotech Lab Techniques (New),https://www.shl.com/products/product-catalog/view/biotech-lab-techniques-new/,,K,General,Biotech Lab Techniques (New)  General K
BizTalk (New),https://www.shl.com/products/product-catalog/view/biztalk-new/,,K,General,BizTalk (New)  General K
Business Communication (adaptive),https://www.shl.com/products/product-catalog/view/business-communication-adaptive/,,K,General,Business Communication (adaptive)  General K
Business Communications,https://www.shl.com/products/product-catalog/view/business-communications/,,K,General,Business Communications  General K
C Programming (New),https://www.shl.com/products/product-catalog/view/c-programming-new/,,K,General,C Programming (New)  General K
C# Programming (New),https://www.shl.com/products/product-catalog/view/c-programming-new-4039/,,K,General,C# Programming (New)  General K
C++ Programming (New),https://www.shl.com/products/product-catalog/view/c-programming-new-4122/,,K,General,C++ Programming (New)  General K
Cardiology and Diabetes Management (New),https://www.shl.com/products/product-catalog/view/cardiology-and-diabetes-management-new/,,K,General,Cardiology and Diabetes Management (New)  General K
Ceramic Engineering (New),https://www.shl.com/products/product-catalog/view/ceramic-engineering-new/,,K,General,Ceramic Engineering (New)  General K
Chemical Engineering (New),https://www.shl.com/products/product-catalog/view/chemical-engineering-new/,,K,General,Chemical Engineering (New)  General K
Cisco AppDynamics (New),https://www.shl.com/products/product-catalog/view/cisco-appdynamics-new/,,K,General,Cisco AppDynamics (New)  General K
Civil Engineering (New),https://www.shl.com/products/product-catalog/view/civil-engineering-new/,,K,General,Civil Engineering (New)  General K
Cloud Computing (New),https://www.shl.com/products/product-catalog/view/cloud-computing-new/,,K,General,Cloud Computing (New)  General K
COBOL Programming (New),https://www.shl.com/products/product-catalog/view/cobol-programming-new/,,K,General,COBOL Programming (New)  General K
Computer Science (New),https://www.shl.com/products/product-catalog/view/computer-science-new/,,K,General,Computer Science (New)  General K
Contact Center Call Simulation (New),https://www.shl.com/products/product-catalog/view/contact-center-call-simulation-new/,,K,General,Contact Center Call Simulation (New)  General K
Conversational Multichat Simulation,https://www.shl.com/products/product-catalog/view/conversational-multichat-simulation/,,K,General,Conversational Multichat Simulation  General K
Core Java (Advanced Level) (New),https://www.shl.com/products/product-catalog/view/core-java-advanced-level-new/,,K,General,Core Java (Advanced Level) (New)  General K
Core Java (Entry Level) (New),https://www.shl.com/products/product-catalog/view/core-java-entry-level-new/,,K,General,Core Java (Entry Level) (New)  General K
Count Out The Money,https://www.shl.com/products/product-catalog/view/count-out-the-money/,,K,General,Count Out The Money  General K
CSS3 (New),https://www.shl.com/products/product-catalog/view/css3-new/,,K,General,CSS3 (New)  General K
Culinary Skills (New),https://www.shl.com/products/product-catalog/view/culinary-skills-new/,,K,General,Culinary Skills (New)  General K
Customer Service Phone Simulation,https://www.shl.com/products/product-catalog/view/customer-service-phone-simulation/,,K,General,Customer Service Phone Simulation  General K
Customer Service Phone Solution,https://www.shl.com/products/product-catalog/view/customer-service-phone-solution/,,K,General,Customer Service Phone Solution  General K
Cyber Risk (New),https://www.shl.com/products/product-catalog/view/cyber-risk-new/,,K,General,Cyber Risk (New)  General K
Data Entry (New),https://www.shl.com/products/product-catalog/view/data-entry-new/,,K,General,Data Entry (New)  General K
Data Entry Alphanumeric Split Screen - US,https://www.shl.com/products/product-catalog/view/data-entry-alphanumeric-split-screen-us/,,K,General,Data Entry Alphanumeric Split Screen - US  General K
Data Entry Numeric Split Screen - US,https://www.shl.com/products/product-catalog/view/data-entry-numeric-split-screen-us/,,K,General,Data Entry Numeric Split Screen - US  General K
Data Entry Ten Key Split Screen,https://www.shl.com/products/product-catalog/view/data-entry-ten-key-split-screen/,,K,General,Data Entry Ten Key Split Screen  General K
Data Science (New),https://www.shl.com/products/product-catalog/view/data-science-new/,,K,General,Data Science (New)  General K
Data Warehousing Concepts,https://www.shl.com/products/product-catalog/view/data-warehousing-concepts/,,K,General,Data Warehousing Concepts  General K
Dependability and Safety Instrument (DSI),https://www.shl.com/products/product-catalog/view/dependability-and-safety-instrument-dsi/,,K,General,Dependability and Safety Instrument (DSI)  General K
Dermatology (New),https://www.shl.com/products/product-catalog/view/dermatology-new/,,K,General,Dermatology (New)  General K
Desktop Support (New),https://www.shl.com/products/product-catalog/view/desktop-support-new/,,K,General,Desktop Support (New)  General K
Digital Advertising (New),https://www.shl.com/products/product-catalog/view/digital-advertising-new/,,K,General,Digital Advertising (New)  General K
Digital Readiness Development Report - IC,https://www.shl.com/products/product-catalog/view/digital-readiness-development-report/,,K,General,Digital Readiness Development Report - IC  General K
Digital Readiness Development Report - Manager,https://www.shl.com/products/product-catalog/view/digital-readiness-development-report-manager/,,K,General,Digital Readiness Development Report - Manager  General K
Docker (New),https://www.shl.com/products/product-catalog/view/docker-new/,,K,General,Docker (New)  General K
Dojo (New),https://www.shl.com/products/product-catalog/view/dojo-new/,,K,General,Dojo (New)  General K
Drupal (New),https://www.shl.com/products/product-catalog/view/drupal-new/,,K,General,Drupal (New)  General K
DSI v1.1 Interpretation Report,https://www.shl.com/products/product-catalog/view/dsi-v1-1-interpretation-report/,,K,General,DSI v1.1 Interpretation Report  General K
Econometrics (New),https://www.shl.com/products/product-catalog/view/econometrics-new/,,K,General,Econometrics (New)  General K
Economics (New),https://www.shl.com/products/product-catalog/view/economics-new/,,K,General,Economics (New)  General K
Electrical and Electronics Engineering (New),https://www.shl.com/products/product-catalog/view/electrical-and-electronics-engineering-new/,,K,General,Electrical and Electronics Engineering (New)  General K
Electrical Engineering (New),https://www.shl.com/products/product-catalog/view/electrical-engineering-new/,,K,General,Electrical Engineering (New)  General K
Electronics & Telecommunications Engineering (New),https://www.shl.com/products/product-catalog/view/electronics-and-telecommunications-engineering-new/,,K,General,Electronics & Telecommunications Engineering (New)  General K
Electronics and Embedded Systems Engineering (New),https://www.shl.com/products/product-catalog/view/electronics-and-embedded-systems-engineering-new/,,K,General,Electronics and Embedded Systems Engineering (New)  General K
Electronics and Semiconductor Engineering (New),https://www.shl.com/products/product-catalog/view/electronics-and-semiconductor-engineering-new/,,K,General,Electronics and Semiconductor Engineering (New)  General K
English Comprehension (New),https://www.shl.com/products/product-catalog/view/english-comprehension-new/,,K,General,English Comprehension (New)  General K
Enterprise Java Beans (New),https://www.shl.com/products/product-catalog/view/enterprise-java-beans-new/,,K,General,Enterprise Java Beans (New)  General K
Enterprise Leadership Report 1.0,https://www.shl.com/products/product-catalog/view/enterprise-leadership-report/,,K,General,Enterprise Leadership Report 1.0  General K
Enterprise Leadership Report 2.0,https://www.shl.com/products/product-catalog/view/enterprise-leadership-report-2-0/,,K,General,Enterprise Leadership Report 2.0  General K
Entry Level Cashier Solution,https://www.shl.com/products/product-catalog/view/entry-level-cashier-solution/,,K,General,Entry Level Cashier Solution  General K
Entry Level Customer Serv-Retail & Contact Center,https://www.shl.com/products/product-catalog/view/entry-level-customer-serv-retail-and-contact-center/,,K,General,Entry Level Customer Serv-Retail & Contact Center  General K
Entry Level Customer Service (General) Solution,https://www.shl.com/products/product-catalog/view/entry-level-customer-service-general-solution/,,K,General,Entry Level Customer Service (General) Solution  General K
Entry Level Hotel Front Desk Solution,https://www.shl.com/products/product-catalog/view/entry-level-hotel-front-desk-solution/,,K,General,Entry Level Hotel Front Desk Solution  General K
Entry Level Sales Solution,https://www.shl.com/products/product-catalog/view/entry-level-sales-solution/,,K,General,Entry Level Sales Solution  General K
Entry Level Technical Support Solution,https://www.shl.com/products/product-catalog/view/entry-level-technical-support-solution/,,K,General,Entry Level Technical Support Solution  General K
ETL Testing (New),https://www.shl.com/products/product-catalog/view/etl-testing-new/,,K,General,ETL Testing (New)  General K
Executive Scenarios,https://www.shl.com/products/product-catalog/view/executive-scenarios/,,K,General,Executive Scenarios  General K
Executive Scenarios Narrative Report,https://www.shl.com/products/product-catalog/view/executive-scenarios-narrative-report/,,K,General,Executive Scenarios Narrative Report  General K
Executive Scenarios Profile Report,https://www.shl.com/products/product-catalog/view/executive-scenarios-profile-report/,,K,General,Executive Scenarios Profile Report  General K
ExpressJS (New),https://www.shl.com/products/product-catalog/view/expressjs-new/,,K,General,ExpressJS (New)  General K
Filing - Names (R1),https://www.shl.com/products/product-catalog/view/filing-names-r1/,,K,General,Filing - Names (R1)  General K
Filing - Numbers,https://www.shl.com/products/product-catalog/view/filing-numbers/,,K,General,Filing - Numbers  General K
Financial Accounting (New),https://www.shl.com/products/product-catalog/view/financial-accounting-new/,,K,General,Financial Accounting (New)  General K
Financial and Banking Services (New),https://www.shl.com/products/product-catalog/view/financial-and-banking-services-new/,,K,General,Financial and Banking Services (New)  General K
Fire Engineering (New),https://www.shl.com/products/product-catalog/view/fire-engineering-new/,,K,General,Fire Engineering (New)  General K
Following Instructions v1 - UK (R1),https://www.shl.com/products/product-catalog/view/following-instructions-v1-uk-r1/,,K,General,Following Instructions v1 - UK (R1)  General K
Following Instructions v1 - US (R2),https://www.shl.com/products/product-catalog/view/following-instructions-v1-us-r2/,,K,General,Following Instructions v1 - US (R2)  General K
Food and Beverage Services (New),https://www.shl.com/products/product-catalog/view/food-and-beverage-services-new/,,K,General,Food and Beverage Services (New)  General K
Food Science (New),https://www.shl.com/products/product-catalog/view/food-science-new/,,K,General,Food Science (New)  General K
Front Office Management (New),https://www.shl.com/products/product-catalog/view/front-office-management-new/,,K,General,Front Office Management (New)  General K
Fundamentals of Chemistry (New),https://www.shl.com/products/product-catalog/view/fundamentals-of-chemistry-new/,,K,General,Fundamentals of Chemistry (New)  General K
Fundamentals of Physics (New),https://www.shl.com/products/product-catalog/view/fundamentals-of-physics-new/,,K,General,Fundamentals of Physics (New)  General K
General Diseases (New),https://www.shl.com/products/product-catalog/view/general-diseases-new/,,K,General,General Diseases (New)  General K
Geoinformatics Engineering (New),https://www.shl.com/products/product-catalog/view/geoinformatics-engineering-new/,,K,General,Geoinformatics Engineering (New)  General K
Geoscience Engineering (New),https://www.shl.com/products/product-catalog/view/geoscience-engineering-new/,,K,General,Geoscience Engineering (New)  General K
GIT (New),https://www.shl.com/products/product-catalog/view/git-new/,,K,General,GIT (New)  General K
Global Skills Assessment,https://www.shl.com/products/product-catalog/view/global-skills-assessment/,,K,General,Global Skills Assessment  General K
Graduate Scenarios,https://www.shl.com/products/product-catalog/view/graduate-scenarios/,,K,General,Graduate Scenarios  General K
Graduate Scenarios Narrative Report,https://www.shl.com/products/product-catalog/view/graduate-scenarios-narrative-report/,,K,General,Graduate Scenarios Narrative Report  General K
Graduate Scenarios Profile Report,https://www.shl.com/products/product-catalog/view/graduate-scenarios-profile-report/,,K,General,Graduate Scenarios Profile Report  General K
Hibernate (New),https://www.shl.com/products/product-catalog/view/hibernate-new/,,K,General,Hibernate (New)  General K
HIPAA (Security),https://www.shl.com/products/product-catalog/view/hipaa-security/,,K,General,HIPAA (Security)  General K
HiPo Assessment Report 1.0,https://www.shl.com/products/product-catalog/view/hipo-assessment-report-1-0/,,K,General,HiPo Assessment Report 1.0  General K
HiPo Assessment Report 2.0,https://www.shl.com/products/product-catalog/view/hipo-assessment-report-2-0/,,K,General,HiPo Assessment Report 2.0  General K
HiPo Unlocking Potential Report 2.0,https://www.shl.com/products/product-catalog/view/hipo-unlocking-potential-report-2-0/,,K,General,HiPo Unlocking Potential Report 2.0  General K
Housekeeping (New),https://www.shl.com/products/product-catalog/view/housekeeping-new/,,K,General,Housekeeping (New)  General K
HTML/CSS (New),https://www.shl.com/products/product-catalog/view/htmlcss-new/,,K,General,HTML/CSS (New)  General K
HTML5 (New),https://www.shl.com/products/product-catalog/view/html5-new/,,K,General,HTML5 (New)  General K
Human Resources (New),https://www.shl.com/products/product-catalog/view/human-resources-new/,,K,General,Human Resources (New)  General K
IBM DataStage (New),https://www.shl.com/products/product-catalog/view/ibm-datastage-new/,,K,General,IBM DataStage (New)  General K
IBM Sterling Order Management System (New),https://www.shl.com/products/product-catalog/view/ibm-sterling-order-management-system-new/,,K,General,IBM Sterling Order Management System (New)  General K
Industrial Engineering (New),https://www.shl.com/products/product-catalog/view/industrial-engineering-new/,,K,General,Industrial Engineering (New)  General K
Informatica (Architecture) (New),https://www.shl.com/products/product-catalog/view/informatica-architecture-new/,,K,General,Informatica (Architecture) (New)  General K
Informatica (Developer) (New),https://www.shl.com/products/product-catalog/view/informatica-developer-new/,,K,General,Informatica (Developer) (New)  General K
Instrumentation Engineering (New),https://www.shl.com/products/product-catalog/view/instrumentation-engineering-new/,,K,General,Instrumentation Engineering (New)  General K
Interpersonal Communications,https://www.shl.com/products/product-catalog/view/interpersonal-communications/,,K,General,Interpersonal Communications  General K
Interviewing and Hiring Concepts (U.S.),https://www.shl.com/products/product-catalog/view/interviewing-and-hiring-concepts-u-s/,,K,General,Interviewing and Hiring Concepts (U.S.)  General K
iOS Development (New),https://www.shl.com/products/product-catalog/view/ios-development-new/,,K,General,iOS Development (New)  General K
ITIL (IT Infrastructure Library) (New),https://www.shl.com/products/product-catalog/view/itil-it-infrastructure-library-new/,,K,General,ITIL (IT Infrastructure Library) (New)  General K
Java 2 Platform Enterprise Edition 1.4 Fundamental,https://www.shl.com/products/product-catalog/view/java-2-platform-enterprise-edition-1-4-fundamental/,,K,General,Java 2 Platform Enterprise Edition 1.4 Fundamental  General K
Java 8 (New),https://www.shl.com/products/product-catalog/view/java-8-new/,,K,General,Java 8 (New)  General K
Java Design Patterns (New),https://www.shl.com/products/product-catalog/view/java-design-patterns-new/,,K,General,Java Design Patterns (New)  General K
Java Frameworks (New),https://www.shl.com/products/product-catalog/view/java-frameworks-new/,,K,General,Java Frameworks (New)  General K
Java Platform Enterprise Edition 7 (Java EE 7),https://www.shl.com/products/product-catalog/view/java-platform-enterprise-edition-7-java-ee-7/,,K,General,Java Platform Enterprise Edition 7 (Java EE 7)  General K
Java Web Services (New),https://www.shl.com/products/product-catalog/view/java-web-services-new/,,K,General,Java Web Services (New)  General K
JavaScript (New),https://www.shl.com/products/product-catalog/view/javascript-new/,,K,General,JavaScript (New)  General K
Jenkins (New),https://www.shl.com/products/product-catalog/view/jenkins-new/,,K,General,Jenkins (New)  General K
jQuery (New),https://www.shl.com/products/product-catalog/view/jquery-new/,,K,General,jQuery (New)  General K
Kubernetes (New),https://www.shl.com/products/product-catalog/view/kubernetes-new/,,K,General,Kubernetes (New)  General K
Linux Administration (New),https://www.shl.com/products/product-catalog/view/linux-administration-new/,,K,General,Linux Administration (New)  General K
Linux Operating System,https://www.shl.com/products/product-catalog/view/linux-operating-system/,,K,General,Linux Operating System  General K
Linux Programming (General),https://www.shl.com/products/product-catalog/view/linux-programming-general/,,K,General,Linux Programming (General)  General K
Load Runner (New),https://www.shl.com/products/product-catalog/view/load-runner-new/,,K,General,Load Runner (New)  General K
Management Scenarios,https://www.shl.com/products/product-catalog/view/management-scenarios/,,K,General,Management Scenarios  General K
Managerial Scenarios Candidate Report,https://www.shl.com/products/product-catalog/view/managerial-scenarios-candidate-report/,,K,General,Managerial Scenarios Candidate Report  General K
Managerial Scenarios Narrative Report,https://www.shl.com/products/product-catalog/view/managerial-scenarios-narrative-report/,,K,General,Managerial Scenarios Narrative Report  General K
Managerial Scenarios Profile Report,https://www.shl.com/products/product-catalog/view/managerial-scenarios-profile-report/,,K,General,Managerial Scenarios Profile Report  General K
Manual Testing (New),https://www.shl.com/products/product-catalog/view/manual-testing-new/,,K,General,Manual Testing (New)  General K
Manufac. & Indust. - Mechanical & Vigilance 8.0,https://www.shl.com/products/product-catalog/view/mechanical-and-vigilance-focus-8-0/,,K,General,Manufac. & Indust. - Mechanical & Vigilance 8.0  General K
Manufac. & Indust. - Safety & Dependability 8.0,https://www.shl.com/products/product-catalog/view/safety-and-dependability-focus-8-0/,,K,General,Manufac. & Indust. - Safety & Dependability 8.0  General K
Manufacturing & Industrial - Essential Focus 8.0,https://www.shl.com/products/product-catalog/view/essential-focus-8-0/,,K,General,Manufacturing & Industrial - Essential Focus 8.0  General K
Manufacturing & Industrial - Mechanical Focus 8.0,https://www.shl.com/products/product-catalog/view/mechanical-focus-8-0/,,K,General,Manufacturing & Industrial - Mechanical Focus 8.0  General K
Manufacturing & Industrial - Vigilance Focus 8.0,https://www.shl.com/products/product-catalog/view/vigilance-focus-8-0/,,K,General,Manufacturing & Industrial - Vigilance Focus 8.0  General K
Marketing (New),https://www.shl.com/products/product-catalog/view/marketing-new/,,K,General,Marketing (New)  General K
Maven (New),https://www.shl.com/products/product-catalog/view/maven-new/,,K,General,Maven (New)  General K
Mechanical Engineering (New),https://www.shl.com/products/product-catalog/view/mechanical-engineering-new/,,K,General,Mechanical Engineering (New)  General K
Mechatronics Engineering (New),https://www.shl.com/products/product-catalog/view/mechatronics-engineering-new/,,K,General,Mechatronics Engineering (New)  General K
Medical Terminology (New),https://www.shl.com/products/product-catalog/view/medical-terminology-new/,,K,General,Medical Terminology (New)  General K
Metallurgical Engineering (New),https://www.shl.com/products/product-catalog/view/metallurgical-engineering-new/,,K,General,Metallurgical Engineering (New)  General K
MFS 360 Enterprise Leadership Report,https://www.shl.com/products/product-catalog/view/mfs-360-enterprise-leadership-report/,,K,General,MFS 360 Enterprise Leadership Report  General K
MFS 360 UCF Group Report,https://www.shl.com/products/product-catalog/view/mfs-360-ucf-group-report/,,K,General,MFS 360 UCF Group Report  General K
MFS 360 UCF Performance Potential Dev Tips Report,https://www.shl.com/products/product-catalog/view/mfs-360-ucf-performance-potential-dev-tips-report/,,K,General,MFS 360 UCF Performance Potential Dev Tips Report  General K
MFS 360 UCF Standard Report,https://www.shl.com/products/product-catalog/view/mfs-360-ucf-standard-report/,,K,General,MFS 360 UCF Standard Report  General K
Micro Focus Unified Functional Testing (New),https://www.shl.com/products/product-catalog/view/micro-focus-unified-functional-testing-new/,,K,General,Micro Focus Unified Functional Testing (New)  General K
Microservices (New),https://www.shl.com/products/product-catalog/view/microservices-new/,,K,General,Microservices (New)  General K
Microsoft Dynamics Development (New),https://www.shl.com/products/product-catalog/view/microsoft-dynamics-development-new/,,K,General,Microsoft Dynamics Development (New)  General K
Microsoft Excel 365 - Essentials (New),https://www.shl.com/products/product-catalog/view/microsoft-excel-365-essentials-new/,,K,General,Microsoft Excel 365 - Essentials (New)  General K
Microsoft Excel 365 (New),https://www.shl.com/products/product-catalog/view/microsoft-excel-365-new/,,K,General,Microsoft Excel 365 (New)  General K
Microsoft Outlook 2013 (adaptive),https://www.shl.com/products/product-catalog/view/microsoft-outlook-2013-adaptive/,,K,General,Microsoft Outlook 2013 (adaptive)  General K
Microsoft PowerPoint 365 - Essentials (New),https://www.shl.com/products/product-catalog/view/microsoft-powerpoint-365-essentials-new/,,K,General,Microsoft PowerPoint 365 - Essentials (New)  General K
Microsoft SQL Server 2014 Programming,https://www.shl.com/products/product-catalog/view/microsoft-sql-server-2014-programming/,,K,General,Microsoft SQL Server 2014 Programming  General K
Microsoft Windows Server 2012 Administration,https://www.shl.com/products/product-catalog/view/microsoft-windows-server-2012-administration/,,K,General,Microsoft Windows Server 2012 Administration  General K
Microsoft Word 365 - Essentials (New),https://www.shl.com/products/product-catalog/view/microsoft-word-365-essentials-new/,,K,General,Microsoft Word 365 - Essentials (New)  General K
Microsoft Word 365 (New),https://www.shl.com/products/product-catalog/view/microsoft-word-365-new/,,K,General,Microsoft Word 365 (New)  General K
Mineral Engineering (New),https://www.shl.com/products/product-catalog/view/mineral-engineering-new/,,K,General,Mineral Engineering (New)  General K
Mining Engineering (New),https://www.shl.com/products/product-catalog/view/mining-engineering-new/,,K,General,Mining Engineering (New)  General K
Mobility (New),https://www.shl.com/products/product-catalog/view/mobility-new/,,K,General,Mobility (New)  General K
Molecular Biology (New),https://www.shl.com/products/product-catalog/view/molecular-biology-new/,,K,General,Molecular Biology (New)  General K
MongoDB (New),https://www.shl.com/products/product-catalog/view/mongodb-new/,,K,General,MongoDB (New)  General K
Motivation Questionnaire MQM5,https://www.shl.com/products/product-catalog/view/motivation-questionnaire-mqm5/,,K,General,Motivation Questionnaire MQM5  General K
MQ Candidate Motivation Report,https://www.shl.com/products/product-catalog/view/mq-candidate-motivation-report/,,K,General,MQ Candidate Motivation Report  General K
MQ Employee Motivation Report,https://www.shl.com/products/product-catalog/view/mq-employee-motivation-report/,,K,General,MQ Employee Motivation Report  General K
MQ Motivation Report Pack,https://www.shl.com/products/product-catalog/view/mq-motivation-report-pack/,,K,General,MQ Motivation Report Pack  General K
MQ Profile,https://www.shl.com/products/product-catalog/view/mq-profile/,,K,General,MQ Profile  General K
MS Access (New),https://www.shl.com/products/product-catalog/view/ms-access-new/,,K,General,MS Access (New)  General K
MS Excel (New),https://www.shl.com/products/product-catalog/view/ms-excel-new/,,K,General,MS Excel (New)  General K
MS Office Basic Computer Literacy (New),https://www.shl.com/products/product-catalog/view/ms-office-basic-computer-literacy-new/,,K,General,MS Office Basic Computer Literacy (New)  General K
MS Office Basic Computer Literacy (Sim) (New),https://www.shl.com/products/product-catalog/view/ms-office-basic-computer-literacy-sim-new/,,K,General,MS Office Basic Computer Literacy (Sim) (New)  General K
MS PowerPoint (New),https://www.shl.com/products/product-catalog/view/ms-powerpoint-new/,,K,General,MS PowerPoint (New)  General K
MS Word (New),https://www.shl.com/products/product-catalog/view/ms-word-new/,,K,General,MS Word (New)  General K
MuleSoft Development (New),https://www.shl.com/products/product-catalog/view/mulesoft-development-new/,,K,General,MuleSoft Development (New)  General K
Multitasking Ability,https://www.shl.com/products/product-catalog/view/multitasking-ability/,,K,General,Multitasking Ability  General K
Networking and Implementation (New),https://www.shl.com/products/product-catalog/view/networking-and-implementation-new/,,K,General,Networking and Implementation (New)  General K
Node.js (New),https://www.shl.com/products/product-catalog/view/node-js-new/,,K,General,Node.js (New)  General K
Nursing (New),https://www.shl.com/products/product-catalog/view/nursing-new/,,K,General,Nursing (New)  General K
Occupational Personality Questionnaire OPQ32r,https://www.shl.com/products/product-catalog/view/occupational-personality-questionnaire-opq32r/,,K,General,Occupational Personality Questionnaire OPQ32r  General K
Operations Management (New),https://www.shl.com/products/product-catalog/view/operations-management-new/,,K,General,Operations Management (New)  General K
OPQ Candidate Plus Report,https://www.shl.com/products/product-catalog/view/opq-candidate-plus-report/,,K,General,OPQ Candidate Plus Report  General K
OPQ Candidate Report 2.0,https://www.shl.com/products/product-catalog/view/opq-candidate-report-2-0/,,K,General,OPQ Candidate Report 2.0  General K
OPQ Emotional Intelligence Report,https://www.shl.com/products/product-catalog/view/opq-emotional-intelligence-report/,,K,General,OPQ Emotional Intelligence Report  General K
OPQ Leadership Report,https://www.shl.com/products/product-catalog/view/opq-leadership-report/,,K,General,OPQ Leadership Report  General K
OPQ Manager Plus Report,https://www.shl.com/products/product-catalog/view/opq-manager-plus-report/,,K,General,OPQ Manager Plus Report  General K
OPQ Manager Plus Report 2.0,https://www.shl.com/products/product-catalog/view/opq-manager-plus-report-2-0/,,K,General,OPQ Manager Plus Report 2.0  General K
OPQ Maximising your Learning Report,https://www.shl.com/products/product-catalog/view/opq-maximising-your-learning-report/,,K,General,OPQ Maximising your Learning Report  General K
OPQ MQ Sales Report,https://www.shl.com/products/product-catalog/view/opq-mq-sales-report/,,K,General,OPQ MQ Sales Report  General K
OPQ Premium Plus Report,https://www.shl.com/products/product-catalog/view/opq-premium-plus-report/,,K,General,OPQ Premium Plus Report  General K
OPQ Premium Plus Report 2.0,https://www.shl.com/products/product-catalog/view/opq-premium-plus-report-2-0/,,K,General,OPQ Premium Plus Report 2.0  General K
OPQ Profile Report,https://www.shl.com/products/product-catalog/view/opq-profile-report/,,K,General,OPQ Profile Report  General K
OPQ Team Impact Group Development Report,https://www.shl.com/products/product-catalog/view/opq-team-impact-group-development-report/,,K,General,OPQ Team Impact Group Development Report  General K
OPQ Team Impact Individual Development Report,https://www.shl.com/products/product-catalog/view/opq-team-impact-individual-development-report/,,K,General,OPQ Team Impact Individual Development Report  General K
OPQ Team Impact Selection Report,https://www.shl.com/products/product-catalog/view/opq-team-impact-selection-report/,,K,General,OPQ Team Impact Selection Report  General K
OPQ Team Types & Leadership Styles Profile,https://www.shl.com/products/product-catalog/view/opq-team-types-and-leadership-styles-profile/,,K,General,OPQ Team Types & Leadership Styles Profile  General K
OPQ Team Types and Leadership Styles Report,https://www.shl.com/products/product-catalog/view/opq-team-types-and-leadership-styles-report/,,K,General,OPQ Team Types and Leadership Styles Report  General K
OPQ UCF Development Action Planner Report 1.0,https://www.shl.com/products/product-catalog/view/opq-ucf-development-action-planner-report/,,K,General,OPQ UCF Development Action Planner Report 1.0  General K
OPQ UCF Development Action Planner Report 2.0,https://www.shl.com/products/product-catalog/view/opq-ucf-development-action-planner-report-2-0/,,K,General,OPQ UCF Development Action Planner Report 2.0  General K
OPQ Universal Competency Report 1.0,https://www.shl.com/products/product-catalog/view/opq-universal-competency-report/,,K,General,OPQ Universal Competency Report 1.0  General K
OPQ Universal Competency Report 2.0,https://www.shl.com/products/product-catalog/view/opq-universal-competency-report-2-0/,,K,General,OPQ Universal Competency Report 2.0  General K
OPQ User and Managers Report,https://www.shl.com/products/product-catalog/view/opq-user-and-managers-report/,,K,General,OPQ User and Managers Report  General K
OPQ User Report,https://www.shl.com/products/product-catalog/view/opq-user-report/,,K,General,OPQ User Report  General K
Oracle DBA (Advanced Level) (New),https://www.shl.com/products/product-catalog/view/oracle-dba-advanced-level-new/,,K,General,Oracle DBA (Advanced Level) (New)  General K
Oracle DBA (Entry Level) (New),https://www.shl.com/products/product-catalog/view/oracle-dba-entry-level-new/,,K,General,Oracle DBA (Entry Level) (New)  General K
Oracle PL/SQL (New),https://www.shl.com/products/product-catalog/view/oracle-plsql-new/,,K,General,Oracle PL/SQL (New)  General K
Oracle WebLogic Server (New),https://www.shl.com/products/product-catalog/view/oracle-weblogic-server-new/,,K,General,Oracle WebLogic Server (New)  General K
Organic Chemistry (New),https://www.shl.com/products/product-catalog/view/organic-chemistry-new/,,K,General,Organic Chemistry (New)  General K
Paint Technology (New),https://www.shl.com/products/product-catalog/view/paint-technology-new/,,K,General,Paint Technology (New)  General K
Pediatrics (New),https://www.shl.com/products/product-catalog/view/pediatrics-new/,,K,General,Pediatrics (New)  General K
Pega Development (New),https://www.shl.com/products/product-catalog/view/pega-development-new/,,K,General,Pega Development (New)  General K
Perl (New),https://www.shl.com/products/product-catalog/view/perl-new/,,K,General,Perl (New)  General K
Petrochemical Engineering (New),https://www.shl.com/products/product-catalog/view/petrochemical-engineering-new/,,K,General,Petrochemical Engineering (New)  General K
Petroleum Engineering (New),https://www.shl.com/products/product-catalog/view/petroleum-engineering-new/,,K,General,Petroleum Engineering (New)  General K
Pharmaceutical Analysis (New),https://www.shl.com/products/product-catalog/view/pharmaceutical-analysis-new/,,K,General,Pharmaceutical Analysis (New)  General K
Pharmaceutical Chemistry (New),https://www.shl.com/products/product-catalog/view/pharmaceutical-chemistry-new/,,K,General,Pharmaceutical Chemistry (New)  General K
Pharmaceutical Science (New),https://www.shl.com/products/product-catalog/view/pharmaceutical-science-new/,,K,General,Pharmaceutical Science (New)  General K
Pharmaceutics (New),https://www.shl.com/products/product-catalog/view/pharmaceutics-new/,,K,General,Pharmaceutics (New)  General K
Pharmacology (New),https://www.shl.com/products/product-catalog/view/pharmacology-new/,,K,General,Pharmacology (New)  General K
PHP (New),https://www.shl.com/products/product-catalog/view/php-new/,,K,General,PHP (New)  General K
PJM Development Report,https://www.shl.com/products/product-catalog/view/pjm-development-report/,,K,General,PJM Development Report  General K
PJM Selection Report,https://www.shl.com/products/product-catalog/view/pjm-selection-report/,,K,General,PJM Selection Report  General K
Polymer Engineering (New),https://www.shl.com/products/product-catalog/view/polymer-engineering-new/,,K,General,Polymer Engineering (New)  General K
Power Electronics and Drives (New),https://www.shl.com/products/product-catalog/view/power-electronics-and-drives-new/,,K,General,Power Electronics and Drives (New)  General K
Power System Engineering (New),https://www.shl.com/products/product-catalog/view/power-system-engineering-new/,,K,General,Power System Engineering (New)  General K
Prism (New),https://www.shl.com/products/product-catalog/view/prism-new/,,K,General,Prism (New)  General K
Production and Industrial Engineering (New),https://www.shl.com/products/product-catalog/view/production-and-industrial-engineering-new/,,K,General,Production and Industrial Engineering (New)  General K
Production Engineering (New),https://www.shl.com/products/product-catalog/view/production-engineering-new/,,K,General,Production Engineering (New)  General K
Programming Concepts,https://www.shl.com/products/product-catalog/view/programming-concepts/,,K,General,Programming Concepts  General K
Project Management (2013),https://www.shl.com/products/product-catalog/view/project-management-2013/,,K,General,Project Management (2013)  General K
Proofreading v1,https://www.shl.com/products/product-catalog/view/proofreading-v1/,,K,General,Proofreading v1  General K
Python (New),https://www.shl.com/products/product-catalog/view/python-new/,,K,General,Python (New)  General K
R Programming (New),https://www.shl.com/products/product-catalog/view/r-programming-new/,,K,General,R Programming (New)  General K
ReactJS (New),https://www.shl.com/products/product-catalog/view/reactjs-new/,,K,General,ReactJS (New)  General K
Reading Comprehension - English v1,https://www.shl.com/products/product-catalog/view/reading-comprehension-english-v1/,,K,General,Reading Comprehension - English v1  General K
Reading Comprehension - Spanish v1,https://www.shl.com/products/product-catalog/view/reading-comprehension-spanish-v1/,,K,General,Reading Comprehension - Spanish v1  General K
Reading Comprehension v2,https://www.shl.com/products/product-catalog/view/reading-comprehension-v2/,,K,General,Reading Comprehension v2  General K
RemoteWorkQ,https://www.shl.com/products/product-catalog/view/remoteworkq/,,K,General,RemoteWorkQ  General K
RemoteWorkQ Manager Report,https://www.shl.com/products/product-catalog/view/remoteworkq-manager-report/,,K,General,RemoteWorkQ Manager Report  General K
RemoteWorkQ Participant Report,https://www.shl.com/products/product-catalog/view/remoteworkq-participant-report/,,K,General,RemoteWorkQ Participant Report  General K
RESTful Web Services (New),https://www.shl.com/products/product-catalog/view/restful-web-services-new/,,K,General,RESTful Web Services (New)  General K
Retail Sales and Service Simulation,https://www.shl.com/products/product-catalog/view/retail-sales-and-service-simulation/,,K,General,Retail Sales and Service Simulation  General K
Reviewing Forms - US (R1),https://www.shl.com/products/product-catalog/view/reviewing-forms-us-r1/,,K,General,Reviewing Forms - US (R1)  General K
Ruby (New),https://www.shl.com/products/product-catalog/view/ruby-new/,,K,General,Ruby (New)  General K
Ruby on Rails (New),https://www.shl.com/products/product-catalog/view/ruby-on-rails-new/,,K,General,Ruby on Rails (New)  General K
Sales & Service Phone Simulation,https://www.shl.com/products/product-catalog/view/sales-and-service-phone-simulation/,,K,General,Sales & Service Phone Simulation  General K
Sales & Service Phone Solution,https://www.shl.com/products/product-catalog/view/sales-and-service-phone-solution/,,K,General,Sales & Service Phone Solution  General K
Sales Interview Guide,https://www.shl.com/products/product-catalog/view/sales-interview-guide/,,K,General,Sales Interview Guide  General K
Sales Profiler Cards,https://www.shl.com/products/product-catalog/view/sales-profiler-cards/,,K,General,Sales Profiler Cards  General K
Sales Transformation 1.0 - Individual Contributor,https://www.shl.com/products/product-catalog/view/sales-transformation-report-individual-contributor/,,K,General,Sales Transformation 1.0 - Individual Contributor  General K
Sales Transformation 2.0 - Individual Contributor,https://www.shl.com/products/product-catalog/view/salestransformationreport2-0-individualcontributor/,,K,General,Sales Transformation 2.0 - Individual Contributor  General K
Sales Transformation Report 1.0 - Sales Manager,https://www.shl.com/products/product-catalog/view/sales-transformation-report-sales-manager/,,K,General,Sales Transformation Report 1.0 - Sales Manager  General K
Sales Transformation Report 2.0 - Sales Manager,https://www.shl.com/products/product-catalog/view/sales-transformation-report-2-0-sales-manager/,,K,General,Sales Transformation Report 2.0 - Sales Manager  General K
Salesforce Development (New),https://www.shl.com/products/product-catalog/view/salesforce-development-new/,,K,General,Salesforce Development (New)  General K
SAP ABAP (Advanced Level) (New),https://www.shl.com/products/product-catalog/view/sap-abap-advanced-level-new/,,K,General,SAP ABAP (Advanced Level) (New)  General K
SAP ABAP (Intermediate Level) (New),https://www.shl.com/products/product-catalog/view/sap-abap-intermediate-level-new/,,K,General,SAP ABAP (Intermediate Level) (New)  General K
SAP Basis (New),https://www.shl.com/products/product-catalog/view/sap-basis-new/,,K,General,SAP Basis (New)  General K
SAP Business Objects WebI (New),https://www.shl.com/products/product-catalog/view/sap-business-objects-webi-new/,,K,General,SAP Business Objects WebI (New)  General K
SAP BW (Business Warehouse) (New),https://www.shl.com/products/product-catalog/view/sap-bw-business-warehouse-new/,,K,General,SAP BW (Business Warehouse) (New)  General K
SAP HCM (Human Capital Management) (New),https://www.shl.com/products/product-catalog/view/sap-hcm-human-capital-management-new/,,K,General,SAP HCM (Human Capital Management) (New)  General K
SAP Hybris (New),https://www.shl.com/products/product-catalog/view/sap-hybris-new/,,K,General,SAP Hybris (New)  General K
SAP Materials Management (New),https://www.shl.com/products/product-catalog/view/sap-materials-management-new/,,K,General,SAP Materials Management (New)  General K
SAP SD (Sales and Distribution) (New),https://www.shl.com/products/product-catalog/view/sap-sd-sales-and-distribution-new/,,K,General,SAP SD (Sales and Distribution) (New)  General K
Search Engine Optimization (New),https://www.shl.com/products/product-catalog/view/search-engine-optimization-new/,,K,General,Search Engine Optimization (New)  General K
Selenium (New),https://www.shl.com/products/product-catalog/view/selenium-new/,,K,General,Selenium (New)  General K
Shell Scripting (New),https://www.shl.com/products/product-catalog/view/shell-scripting-new/,,K,General,Shell Scripting (New)  General K
SHL Verify Interactive - Inductive Reasoning,https://www.shl.com/products/product-catalog/view/shl-verify-interactive-inductive-reasoning/,,K,General,SHL Verify Interactive - Inductive Reasoning  General K
SHL Verify Interactive – Deductive Reasoning,https://www.shl.com/products/product-catalog/view/shl-verify-interactive-deductive-reasoning/,,K,General,SHL Verify Interactive – Deductive Reasoning  General K
SHL Verify Interactive – Numerical Reasoning,https://www.shl.com/products/product-catalog/view/shl-verify-interactive-numerical-reasoning/,,K,General,SHL Verify Interactive – Numerical Reasoning  General K
SHL Verify Interactive G+,https://www.shl.com/products/product-catalog/view/shl-verify-interactive-g/,,K,General,SHL Verify Interactive G+  General K
SHL Verify Interactive Numerical Calculation,https://www.shl.com/products/product-catalog/view/shl-verify-interactive-numerical-calculation/,,K,General,SHL Verify Interactive Numerical Calculation  General K
Siebel Development (New),https://www.shl.com/products/product-catalog/view/siebel-development-new/,,K,General,Siebel Development (New)  General K
Smart Interview Live,https://www.shl.com/products/product-catalog/view/smart-interview-live/,,K,General,Smart Interview Live  General K
Smart Interview Live Coding,https://www.shl.com/products/product-catalog/view/smart-interview-live-coding/,,K,General,Smart Interview Live Coding  General K
Smart Interview On Demand,https://www.shl.com/products/product-catalog/view/smart-interview-on-demand/,,K,General,Smart Interview On Demand  General K
Social Media (New),https://www.shl.com/products/product-catalog/view/social-media-new/,,K,General,Social Media (New)  General K
Software Business Analysis,https://www.shl.com/products/product-catalog/view/software-business-analysis/,,K,General,Software Business Analysis  General K
SonarQube (New),https://www.shl.com/products/product-catalog/view/sonarqube-new/,,K,General,SonarQube (New)  General K
Spelling (U.S.) (New),https://www.shl.com/products/product-catalog/view/spelling-u-s-new/,,K,General,Spelling (U.S.) (New)  General K
Split Screen Typing Test - Form 1,https://www.shl.com/products/product-catalog/view/split-screen-typing-test-form-1/,,K,General,Split Screen Typing Test - Form 1  General K
Spring (New),https://www.shl.com/products/product-catalog/view/spring-new/,,K,General,Spring (New)  General K
SQL (New),https://www.shl.com/products/product-catalog/view/sql-new/,,K,General,SQL (New)  General K
SQL Server (New),https://www.shl.com/products/product-catalog/view/sql-server-new/,,K,General,SQL Server (New)  General K
SQL Server Analysis Services (SSAS) (New),https://www.shl.com/products/product-catalog/view/sql-server-analysis-services-%28ssas%29-%28new%29/,,K,General,SQL Server Analysis Services (SSAS) (New)  General K
SQL Server Integration Services (SSIS) (New),https://www.shl.com/products/product-catalog/view/sql-server-integration-services-ssis-new/,,K,General,SQL Server Integration Services (SSIS) (New)  General K
SQL Server Reporting Services (SSRS) (New),https://www.shl.com/products/product-catalog/view/sql-server-reporting-services-ssrs-new/,,K,General,SQL Server Reporting Services (SSRS) (New)  General K
Statistical Analysis System (New),https://www.shl.com/products/product-catalog/view/statistical-analysis-system-new/,,K,General,Statistical Analysis System (New)  General K
Struts (New),https://www.shl.com/products/product-catalog/view/struts-new/,,K,General,Struts (New)  General K
SVAR - Spoken English (AUS),https://www.shl.com/products/product-catalog/view/svar-spoken-english-aus/,,K,General,SVAR - Spoken English (AUS)  General K
SVAR - Spoken English (Indian Accent)  (New),https://www.shl.com/products/product-catalog/view/svar-spoken-english-indian-accent-new/,,K,General,SVAR - Spoken English (Indian Accent)  (New)  General K
SVAR - Spoken English (U.K.),https://www.shl.com/products/product-catalog/view/svar-spoken-english-u-k/,,K,General,SVAR - Spoken English (U.K.)  General K
SVAR - Spoken English (US)  (New),https://www.shl.com/products/product-catalog/view/svar-spoken-english-us-new/,,K,General,SVAR - Spoken English (US)  (New)  General K
SVAR - Spoken French (Canadian) (New),https://www.shl.com/products/product-catalog/view/svar-spoken-french-canadian-new/,,K,General,SVAR - Spoken French (Canadian) (New)  General K
SVAR - Spoken French (European) (New),https://www.shl.com/products/product-catalog/view/svar-spoken-french-european-new/,,K,General,SVAR - Spoken French (European) (New)  General K
SVAR - Spoken Spanish (Castilian) (New),https://www.shl.com/products/product-catalog/view/svar-spoken-spanish-castilian-new/,,K,General,SVAR - Spoken Spanish (Castilian) (New)  General K
SVAR - Spoken Spanish (North American) (New),https://www.shl.com/products/product-catalog/view/svar-spoken-spanish-north-american-new/,,K,General,SVAR - Spoken Spanish (North American) (New)  General K
Swing (New),https://www.shl.com/products/product-catalog/view/swing-new/,,K,General,Swing (New)  General K
Tableau (New),https://www.shl.com/products/product-catalog/view/tableau-new/,,K,General,Tableau (New)  General K
Telecommunications Engineering (New),https://www.shl.com/products/product-catalog/view/telecommunications-engineering-new/,,K,General,Telecommunications Engineering (New)  General K
Teradata Development (New),https://www.shl.com/products/product-catalog/view/teradata-development-new/,,K,General,Teradata Development (New)  General K
Time Management (U.S.),https://www.shl.com/products/product-catalog/view/time-management-u-s/,,K,General,Time Management (U.S.)  General K
Training Development,https://www.shl.com/products/product-catalog/view/training-development/,,K,General,Training Development  General K
Typing (New),https://www.shl.com/products/product-catalog/view/typing-new/,,K,General,Typing (New)  General K
UiPath RPA Development (New),https://www.shl.com/products/product-catalog/view/uipath-rpa-development-new/,,K,General,UiPath RPA Development (New)  General K
Universal Competency Framework Interview Guide,https://www.shl.com/products/product-catalog/view/universal-competency-framework-interview-guide/,,K,General,Universal Competency Framework Interview Guide  General K
Universal Competency Framework Profiler Cards (44),https://www.shl.com/products/product-catalog/view/universal-competency-framework-profiler-cards-44/,,K,General,Universal Competency Framework Profiler Cards (44)  General K
UNIX (New),https://www.shl.com/products/product-catalog/view/unix-new/,,K,General,UNIX (New)  General K
VB.NET (New),https://www.shl.com/products/product-catalog/view/vb-net-new/,,K,General,VB.NET (New)  General K
Verify - Deductive Reasoning,https://www.shl.com/products/product-catalog/view/verify-deductive-reasoning/,,K,General,Verify - Deductive Reasoning  General K
Verify - Following Instructions,https://www.shl.com/products/product-catalog/view/verify-following-instructions/,,K,General,Verify - Following Instructions  General K
Verify - G+,https://www.shl.com/products/product-catalog/view/verify-g/,,K,General,Verify - G+  General K
Verify - General Ability Screen,https://www.shl.com/products/product-catalog/view/verify-general-ability-screen/,,K,General,Verify - General Ability Screen  General K
Verify - Inductive Reasoning (2014),https://www.shl.com/products/product-catalog/view/verify-inductive-reasoning-2014/,,K,General,Verify - Inductive Reasoning (2014)  General K
Verify - Numerical Ability,https://www.shl.com/products/product-catalog/view/verify-numerical-ability/,,K,General,Verify - Numerical Ability  General K
Verify - Technical Checking - Next Generation,https://www.shl.com/products/product-catalog/view/verify-technical-checking-next-generation/,,K,General,Verify - Technical Checking - Next Generation  General K
Verify - Verbal Ability - Next Generation,https://www.shl.com/products/product-catalog/view/verify-verbal-ability-next-generation/,,K,General,Verify - Verbal Ability - Next Generation  General K
Verify - Working with Information,https://www.shl.com/products/product-catalog/view/verify-working-with-information/,,K,General,Verify - Working with Information  General K
Verify G+ - Ability Test Report,https://www.shl.com/products/product-catalog/view/verify-g-ability-test-report/,,K,General,Verify G+ - Ability Test Report  General K
Verify G+ - Candidate Report,https://www.shl.com/products/product-catalog/view/verify-g-candidate-report/,,K,General,Verify G+ - Candidate Report  General K
Verify Interactive Ability Report,https://www.shl.com/products/product-catalog/view/verify-interactive-ability-report/,,K,General,Verify Interactive Ability Report  General K
Verify Interactive G+ Candidate Report,https://www.shl.com/products/product-catalog/view/verify-interactive-g-candidate-report/,,K,General,Verify Interactive G+ Candidate Report  General K
Verify Interactive G+ Report,https://www.shl.com/products/product-catalog/view/verify-interactive-g-report/,,K,General,Verify Interactive G+ Report  General K
Verify Interactive Process Monitoring,https://www.shl.com/products/product-catalog/view/verify-interactive-process-monitoring/,,K,General,Verify Interactive Process Monitoring  General K
Virtual Assessment and Development Centers,https://www.shl.com/products/product-catalog/view/virtual-assessment-and-development-centers/,,K,General,Virtual Assessment and Development Centers  General K
Visual Basic for Applications (New),https://www.shl.com/products/product-catalog/view/visual-basic-for-applications-new/,,K,General,Visual Basic for Applications (New)  General K
Visual Comparison - UK,https://www.shl.com/products/product-catalog/view/visual-comparison-uk/,,K,General,Visual Comparison - UK  General K
Visual Comparison - US,https://www.shl.com/products/product-catalog/view/visual-comparison-us/,,K,General,Visual Comparison - US  General K
VLSI and Embedded Systems (New),https://www.shl.com/products/product-catalog/view/vlsi-and-embedded-systems-new/,,K,General,VLSI and Embedded Systems (New)  General K
What Is The Value - US,https://www.shl.com/products/product-catalog/view/what-is-the-value-us/,,K,General,What Is The Value - US  General K
Workplace Administration Skills (New),https://www.shl.com/products/product-catalog/view/workplace-administration-skills-new/,,K,General,Workplace Administration Skills (New)  General K
Workplace Health and Safety (New),https://www.shl.com/products/product-catalog/view/workplace-health-and-safety-new/,,K,General,Workplace Health and Safety (New)  General K
WriteX - Email Writing (Customer Service) (New),https://www.shl.com/products/product-catalog/view/writex-email-writing-customer-service-new/,,K,General,WriteX - Email Writing (Customer Service) (New)  General K
WriteX - Email Writing (Managerial) (New),https://www.shl.com/products/product-catalog/view/writex-email-writing-managerial-new/,,K,General,WriteX - Email Writing (Managerial) (New)  General K
WriteX - Email Writing (Sales) (New),https://www.shl.com/products/product-catalog/view/writex-email-writing-sales-new/,,K,General,WriteX - Email Writing (Sales) (New)  General K
Written English v1,https://www.shl.com/products/product-catalog/view/written-english-v1/,,K,General,Written English v1  General K
Written Spanish,https://www.shl.com/products/product-catalog/view/written-spanish/,,K,General,Written Spanish  General K
Zabbix (New),https://www.shl.com/products/product-catalog/view/zabbix-new/,,K,General,Zabbix (New)  General K
360 Digital Report,https://www.shl.com/products/product-catalog/view/360-digital-report/,,K,General,360 Digital Report  General K
360° Multi-Rater Feedback System (MFS),https://www.shl.com/products/product-catalog/view/360-multi-rater-feedback-system-mfs/,,K,General,360° Multi-Rater Feedback System (MFS)  General K
