assessment_name,url,description,test_type,category
Account Manager Solution,https://www.shl.com/products/product-catalog/view/account-manager-solution/,,K,General
Administrative Professional - Short Form,https://www.shl.com/products/product-catalog/view/administrative-professional-short-form/,,K,General
Agency Manager Solution,https://www.shl.com/products/product-catalog/view/agency-manager-solution/,,K,General
Bank Administrative Assistant - Short Form,https://www.shl.com/products/product-catalog/view/bank-administrative-assistant-short-form/,,K,General
Bank Collections Agent - Short Form,https://www.shl.com/products/product-catalog/view/bank-collections-agent-short-form/,,K,General
Bank Operations Supervisor - Short Form,https://www.shl.com/products/product-catalog/view/bank-operations-supervisor-short-form/,,K,General
Bilingual Spanish Reservation Agent Solution,https://www.shl.com/products/product-catalog/view/bilingual-spanish-reservation-agent-solution/,,K,General
"Bookkeeping, Accounting, Auditing Clerk Short Form",https://www.shl.com/products/product-catalog/view/bookkeeping-accounting-auditing-clerk-short-form/,,K,General
Branch Manager - Short Form,https://www.shl.com/products/product-catalog/view/branch-manager-short-form/,,K,General
Cashier Solution,https://www.shl.com/products/product-catalog/view/cashier-solution/,,K,General
Global Skills Development Report,https://www.shl.com/products/product-catalog/view/global-skills-development-report/,,K,General
.NET Framework 4.5,https://www.shl.com/products/product-catalog/view/net-framework-4-5/,,K,General
.NET MVC (New),https://www.shl.com/products/product-catalog/view/net-mvc-new/,,K,General
.NET MVVM (New),https://www.shl.com/products/product-catalog/view/net-mvvm-new/,,K,General
.NET WCF (New),https://www.shl.com/products/product-catalog/view/net-wcf-new/,,K,General
.NET WPF (New),https://www.shl.com/products/product-catalog/view/net-wpf-new/,,K,General
.NET XAML (New),https://www.shl.com/products/product-catalog/view/net-xaml-new/,,K,General
Accounts Payable (New),https://www.shl.com/products/product-catalog/view/accounts-payable-new/,,K,General
Accounts Payable Simulation (New),https://www.shl.com/products/product-catalog/view/accounts-payable-simulation-new/,,K,General
Accounts Receivable (New),https://www.shl.com/products/product-catalog/view/accounts-receivable-new/,,K,General
Accounts Receivable Simulation (New),https://www.shl.com/products/product-catalog/view/accounts-receivable-simulation-new/,,K,General
ADO.NET (New),https://www.shl.com/products/product-catalog/view/ado-net-new/,,K,General
Adobe Experience Manager (New),https://www.shl.com/products/product-catalog/view/adobe-experience-manager-new/,,K,General
Adobe Photoshop CC,https://www.shl.com/products/product-catalog/view/adobe-photoshop-cc/,,K,General
Aeronautical Engineering (New),https://www.shl.com/products/product-catalog/view/aeronautical-engineering-new/,,K,General
Aerospace Engineering (New),https://www.shl.com/products/product-catalog/view/aerospace-engineering-new/,,K,General
Agile Software Development,https://www.shl.com/products/product-catalog/view/agile-software-development/,,K,General
Agile Testing (New),https://www.shl.com/products/product-catalog/view/agile-testing-new/,,K,General
AI Skills,https://www.shl.com/products/product-catalog/view/ai-skills/,,K,General
Amazon Web Services (AWS) Development (New),https://www.shl.com/products/product-catalog/view/amazon-web-services-aws-development-new/,,K,General
Android Development (New),https://www.shl.com/products/product-catalog/view/android-development-new/,,K,General
Angular 6 (New),https://www.shl.com/products/product-catalog/view/angular-6-new/,,K,General
AngularJS (New),https://www.shl.com/products/product-catalog/view/angularjs-new/,,K,General
Apache Hadoop (New),https://www.shl.com/products/product-catalog/view/apache-hadoop-new/,,K,General
Apache Hadoop Extensions (New),https://www.shl.com/products/product-catalog/view/apache-hadoop-extensions-new/,,K,General
Apache HBase (New),https://www.shl.com/products/product-catalog/view/apache-hbase-new/,,K,General
Apache Hive (New),https://www.shl.com/products/product-catalog/view/apache-hive-new/,,K,General
Apache Kafka (New),https://www.shl.com/products/product-catalog/view/apache-kafka-new/,,K,General
Apache Pig (New),https://www.shl.com/products/product-catalog/view/apache-pig-new/,,K,General
Apache Spark (New),https://www.shl.com/products/product-catalog/view/apache-spark-new/,,K,General
ASP .NET with C# (New),https://www.shl.com/products/product-catalog/view/asp-net-with-c-new/,,K,General
ASP.NET 4.5,https://www.shl.com/products/product-catalog/view/asp-net-4-5/,,K,General
Assessment and Development Center Exercises,https://www.shl.com/products/product-catalog/view/assessment-and-development-center-exercises/,,K,General
Automata - Fix (New),https://www.shl.com/products/product-catalog/view/automata-fix-new/,,K,General
Automata - SQL (New),https://www.shl.com/products/product-catalog/view/automata-sql-new/,,K,General
Automata (New),https://www.shl.com/products/product-catalog/view/automata-new/,,K,General
Automata Data Science (New),https://www.shl.com/products/product-catalog/view/automata-data-science-new/,,K,General
Automata Data Science Pro (New),https://www.shl.com/products/product-catalog/view/automata-data-science-pro-new/,,K,General
Automata Front End,https://www.shl.com/products/product-catalog/view/automata-front-end/,,K,General
Automata Pro (New),https://www.shl.com/products/product-catalog/view/automata-pro-new/,,K,General
Automata Selenium,https://www.shl.com/products/product-catalog/view/automata-selenium/,,K,General
Automation Anywhere RPA Development (New),https://www.shl.com/products/product-catalog/view/automation-anywhere-rpa-development-new/,,K,General
Automotive Engineering (New),https://www.shl.com/products/product-catalog/view/automotive-engineering-new/,,K,General
Basic Biology (New),https://www.shl.com/products/product-catalog/view/basic-biology-new/,,K,General
Basic Computer Literacy (Windows 10) (New),https://www.shl.com/products/product-catalog/view/basic-computer-literacy-windows-10-new/,,K,General
Basic Statistics (New),https://www.shl.com/products/product-catalog/view/basic-statistics-new/,,K,General
Biochemistry (New),https://www.shl.com/products/product-catalog/view/biochemistry-new/,,K,General
Biotech Lab Techniques (New),https://www.shl.com/products/product-catalog/view/biotech-lab-techniques-new/,,K,General
BizTalk (New),https://www.shl.com/products/product-catalog/view/biztalk-new/,,K,General
Business Communication (adaptive),https://www.shl.com/products/product-catalog/view/business-communication-adaptive/,,K,General
Business Communications,https://www.shl.com/products/product-catalog/view/business-communications/,,K,General
C Programming (New),https://www.shl.com/products/product-catalog/view/c-programming-new/,,K,General
C# Programming (New),https://www.shl.com/products/product-catalog/view/c-programming-new-4039/,,K,General
C++ Programming (New),https://www.shl.com/products/product-catalog/view/c-programming-new-4122/,,K,General
Cardiology and Diabetes Management (New),https://www.shl.com/products/product-catalog/view/cardiology-and-diabetes-management-new/,,K,General
Ceramic Engineering (New),https://www.shl.com/products/product-catalog/view/ceramic-engineering-new/,,K,General
Chemical Engineering (New),https://www.shl.com/products/product-catalog/view/chemical-engineering-new/,,K,General
Cisco AppDynamics (New),https://www.shl.com/products/product-catalog/view/cisco-appdynamics-new/,,K,General
Civil Engineering (New),https://www.shl.com/products/product-catalog/view/civil-engineering-new/,,K,General
Cloud Computing (New),https://www.shl.com/products/product-catalog/view/cloud-computing-new/,,K,General
COBOL Programming (New),https://www.shl.com/products/product-catalog/view/cobol-programming-new/,,K,General
Computer Science (New),https://www.shl.com/products/product-catalog/view/computer-science-new/,,K,General
Contact Center Call Simulation (New),https://www.shl.com/products/product-catalog/view/contact-center-call-simulation-new/,,K,General
Conversational Multichat Simulation,https://www.shl.com/products/product-catalog/view/conversational-multichat-simulation/,,K,General
Core Java (Advanced Level) (New),https://www.shl.com/products/product-catalog/view/core-java-advanced-level-new/,,K,General
Core Java (Entry Level) (New),https://www.shl.com/products/product-catalog/view/core-java-entry-level-new/,,K,General
Count Out The Money,https://www.shl.com/products/product-catalog/view/count-out-the-money/,,K,General
CSS3 (New),https://www.shl.com/products/product-catalog/view/css3-new/,,K,General
Culinary Skills (New),https://www.shl.com/products/product-catalog/view/culinary-skills-new/,,K,General
Customer Service Phone Simulation,https://www.shl.com/products/product-catalog/view/customer-service-phone-simulation/,,K,General
Customer Service Phone Solution,https://www.shl.com/products/product-catalog/view/customer-service-phone-solution/,,K,General
Cyber Risk (New),https://www.shl.com/products/product-catalog/view/cyber-risk-new/,,K,General
Data Entry (New),https://www.shl.com/products/product-catalog/view/data-entry-new/,,K,General
Data Entry Alphanumeric Split Screen - US,https://www.shl.com/products/product-catalog/view/data-entry-alphanumeric-split-screen-us/,,K,General
Data Entry Numeric Split Screen - US,https://www.shl.com/products/product-catalog/view/data-entry-numeric-split-screen-us/,,K,General
Data Entry Ten Key Split Screen,https://www.shl.com/products/product-catalog/view/data-entry-ten-key-split-screen/,,K,General
Data Science (New),https://www.shl.com/products/product-catalog/view/data-science-new/,,K,General
Data Warehousing Concepts,https://www.shl.com/products/product-catalog/view/data-warehousing-concepts/,,K,General
Dependability and Safety Instrument (DSI),https://www.shl.com/products/product-catalog/view/dependability-and-safety-instrument-dsi/,,K,General
Dermatology (New),https://www.shl.com/products/product-catalog/view/dermatology-new/,,K,General
Desktop Support (New),https://www.shl.com/products/product-catalog/view/desktop-support-new/,,K,General
Digital Advertising (New),https://www.shl.com/products/product-catalog/view/digital-advertising-new/,,K,General
Digital Readiness Development Report - IC,https://www.shl.com/products/product-catalog/view/digital-readiness-development-report/,,K,General
Digital Readiness Development Report - Manager,https://www.shl.com/products/product-catalog/view/digital-readiness-development-report-manager/,,K,General
Docker (New),https://www.shl.com/products/product-catalog/view/docker-new/,,K,General
Dojo (New),https://www.shl.com/products/product-catalog/view/dojo-new/,,K,General
Drupal (New),https://www.shl.com/products/product-catalog/view/drupal-new/,,K,General
DSI v1.1 Interpretation Report,https://www.shl.com/products/product-catalog/view/dsi-v1-1-interpretation-report/,,K,General
Econometrics (New),https://www.shl.com/products/product-catalog/view/econometrics-new/,,K,General
Economics (New),https://www.shl.com/products/product-catalog/view/economics-new/,,K,General
Electrical and Electronics Engineering (New),https://www.shl.com/products/product-catalog/view/electrical-and-electronics-engineering-new/,,K,General
Electrical Engineering (New),https://www.shl.com/products/product-catalog/view/electrical-engineering-new/,,K,General
Electronics & Telecommunications Engineering (New),https://www.shl.com/products/product-catalog/view/electronics-and-telecommunications-engineering-new/,,K,General
Electronics and Embedded Systems Engineering (New),https://www.shl.com/products/product-catalog/view/electronics-and-embedded-systems-engineering-new/,,K,General
Electronics and Semiconductor Engineering (New),https://www.shl.com/products/product-catalog/view/electronics-and-semiconductor-engineering-new/,,K,General
English Comprehension (New),https://www.shl.com/products/product-catalog/view/english-comprehension-new/,,K,General
Enterprise Java Beans (New),https://www.shl.com/products/product-catalog/view/enterprise-java-beans-new/,,K,General
Enterprise Leadership Report 1.0,https://www.shl.com/products/product-catalog/view/enterprise-leadership-report/,,K,General
Enterprise Leadership Report 2.0,https://www.shl.com/products/product-catalog/view/enterprise-leadership-report-2-0/,,K,General
Entry Level Cashier Solution,https://www.shl.com/products/product-catalog/view/entry-level-cashier-solution/,,K,General
Entry Level Customer Serv-Retail & Contact Center,https://www.shl.com/products/product-catalog/view/entry-level-customer-serv-retail-and-contact-center/,,K,General
Entry Level Customer Service (General) Solution,https://www.shl.com/products/product-catalog/view/entry-level-customer-service-general-solution/,,K,General
Entry Level Hotel Front Desk Solution,https://www.shl.com/products/product-catalog/view/entry-level-hotel-front-desk-solution/,,K,General
Entry Level Sales Solution,https://www.shl.com/products/product-catalog/view/entry-level-sales-solution/,,K,General
Entry Level Technical Support Solution,https://www.shl.com/products/product-catalog/view/entry-level-technical-support-solution/,,K,General
ETL Testing (New),https://www.shl.com/products/product-catalog/view/etl-testing-new/,,K,General
Executive Scenarios,https://www.shl.com/products/product-catalog/view/executive-scenarios/,,K,General
Executive Scenarios Narrative Report,https://www.shl.com/products/product-catalog/view/executive-scenarios-narrative-report/,,K,General
Executive Scenarios Profile Report,https://www.shl.com/products/product-catalog/view/executive-scenarios-profile-report/,,K,General
ExpressJS (New),https://www.shl.com/products/product-catalog/view/expressjs-new/,,K,General
Filing - Names (R1),https://www.shl.com/products/product-catalog/view/filing-names-r1/,,K,General
Filing - Numbers,https://www.shl.com/products/product-catalog/view/filing-numbers/,,K,General
Financial Accounting (New),https://www.shl.com/products/product-catalog/view/financial-accounting-new/,,K,General
Financial and Banking Services (New),https://www.shl.com/products/product-catalog/view/financial-and-banking-services-new/,,K,General
Fire Engineering (New),https://www.shl.com/products/product-catalog/view/fire-engineering-new/,,K,General
Following Instructions v1 - UK (R1),https://www.shl.com/products/product-catalog/view/following-instructions-v1-uk-r1/,,K,General
Following Instructions v1 - US (R2),https://www.shl.com/products/product-catalog/view/following-instructions-v1-us-r2/,,K,General
Food and Beverage Services (New),https://www.shl.com/products/product-catalog/view/food-and-beverage-services-new/,,K,General
Food Science (New),https://www.shl.com/products/product-catalog/view/food-science-new/,,K,General
Front Office Management (New),https://www.shl.com/products/product-catalog/view/front-office-management-new/,,K,General
Fundamentals of Chemistry (New),https://www.shl.com/products/product-catalog/view/fundamentals-of-chemistry-new/,,K,General
Fundamentals of Physics (New),https://www.shl.com/products/product-catalog/view/fundamentals-of-physics-new/,,K,General
General Diseases (New),https://www.shl.com/products/product-catalog/view/general-diseases-new/,,K,General
Geoinformatics Engineering (New),https://www.shl.com/products/product-catalog/view/geoinformatics-engineering-new/,,K,General
Geoscience Engineering (New),https://www.shl.com/products/product-catalog/view/geoscience-engineering-new/,,K,General
GIT (New),https://www.shl.com/products/product-catalog/view/git-new/,,K,General
Global Skills Assessment,https://www.shl.com/products/product-catalog/view/global-skills-assessment/,,K,General
Graduate Scenarios,https://www.shl.com/products/product-catalog/view/graduate-scenarios/,,K,General
Graduate Scenarios Narrative Report,https://www.shl.com/products/product-catalog/view/graduate-scenarios-narrative-report/,,K,General
Graduate Scenarios Profile Report,https://www.shl.com/products/product-catalog/view/graduate-scenarios-profile-report/,,K,General
Hibernate (New),https://www.shl.com/products/product-catalog/view/hibernate-new/,,K,General
HIPAA (Security),https://www.shl.com/products/product-catalog/view/hipaa-security/,,K,General
HiPo Assessment Report 1.0,https://www.shl.com/products/product-catalog/view/hipo-assessment-report-1-0/,,K,General
HiPo Assessment Report 2.0,https://www.shl.com/products/product-catalog/view/hipo-assessment-report-2-0/,,K,General
HiPo Unlocking Potential Report 2.0,https://www.shl.com/products/product-catalog/view/hipo-unlocking-potential-report-2-0/,,K,General
Housekeeping (New),https://www.shl.com/products/product-catalog/view/housekeeping-new/,,K,General
HTML/CSS (New),https://www.shl.com/products/product-catalog/view/htmlcss-new/,,K,General
HTML5 (New),https://www.shl.com/products/product-catalog/view/html5-new/,,K,General
Human Resources (New),https://www.shl.com/products/product-catalog/view/human-resources-new/,,K,General
IBM DataStage (New),https://www.shl.com/products/product-catalog/view/ibm-datastage-new/,,K,General
IBM Sterling Order Management System (New),https://www.shl.com/products/product-catalog/view/ibm-sterling-order-management-system-new/,,K,General
Industrial Engineering (New),https://www.shl.com/products/product-catalog/view/industrial-engineering-new/,,K,General
Informatica (Architecture) (New),https://www.shl.com/products/product-catalog/view/informatica-architecture-new/,,K,General
Informatica (Developer) (New),https://www.shl.com/products/product-catalog/view/informatica-developer-new/,,K,General
Instrumentation Engineering (New),https://www.shl.com/products/product-catalog/view/instrumentation-engineering-new/,,K,General
Interpersonal Communications,https://www.shl.com/products/product-catalog/view/interpersonal-communications/,,K,General
Interviewing and Hiring Concepts (U.S.),https://www.shl.com/products/product-catalog/view/interviewing-and-hiring-concepts-u-s/,,K,General
iOS Development (New),https://www.shl.com/products/product-catalog/view/ios-development-new/,,K,General
ITIL (IT Infrastructure Library) (New),https://www.shl.com/products/product-catalog/view/itil-it-infrastructure-library-new/,,K,General
Java 2 Platform Enterprise Edition 1.4 Fundamental,https://www.shl.com/products/product-catalog/view/java-2-platform-enterprise-edition-1-4-fundamental/,,K,General
Java 8 (New),https://www.shl.com/products/product-catalog/view/java-8-new/,,K,General
Java Design Patterns (New),https://www.shl.com/products/product-catalog/view/java-design-patterns-new/,,K,General
Java Frameworks (New),https://www.shl.com/products/product-catalog/view/java-frameworks-new/,,K,General
Java Platform Enterprise Edition 7 (Java EE 7),https://www.shl.com/products/product-catalog/view/java-platform-enterprise-edition-7-java-ee-7/,,K,General
Java Web Services (New),https://www.shl.com/products/product-catalog/view/java-web-services-new/,,K,General
JavaScript (New),https://www.shl.com/products/product-catalog/view/javascript-new/,,K,General
Jenkins (New),https://www.shl.com/products/product-catalog/view/jenkins-new/,,K,General
jQuery (New),https://www.shl.com/products/product-catalog/view/jquery-new/,,K,General
Kubernetes (New),https://www.shl.com/products/product-catalog/view/kubernetes-new/,,K,General
Linux Administration (New),https://www.shl.com/products/product-catalog/view/linux-administration-new/,,K,General
Linux Operating System,https://www.shl.com/products/product-catalog/view/linux-operating-system/,,K,General
Linux Programming (General),https://www.shl.com/products/product-catalog/view/linux-programming-general/,,K,General
Load Runner (New),https://www.shl.com/products/product-catalog/view/load-runner-new/,,K,General
Management Scenarios,https://www.shl.com/products/product-catalog/view/management-scenarios/,,K,General
Managerial Scenarios Candidate Report,https://www.shl.com/products/product-catalog/view/managerial-scenarios-candidate-report/,,K,General
Managerial Scenarios Narrative Report,https://www.shl.com/products/product-catalog/view/managerial-scenarios-narrative-report/,,K,General
Managerial Scenarios Profile Report,https://www.shl.com/products/product-catalog/view/managerial-scenarios-profile-report/,,K,General
Manual Testing (New),https://www.shl.com/products/product-catalog/view/manual-testing-new/,,K,General
Manufac. & Indust. - Mechanical & Vigilance 8.0,https://www.shl.com/products/product-catalog/view/mechanical-and-vigilance-focus-8-0/,,K,General
Manufac. & Indust. - Safety & Dependability 8.0,https://www.shl.com/products/product-catalog/view/safety-and-dependability-focus-8-0/,,K,General
Manufacturing & Industrial - Essential Focus 8.0,https://www.shl.com/products/product-catalog/view/essential-focus-8-0/,,K,General
Manufacturing & Industrial - Mechanical Focus 8.0,https://www.shl.com/products/product-catalog/view/mechanical-focus-8-0/,,K,General
Manufacturing & Industrial - Vigilance Focus 8.0,https://www.shl.com/products/product-catalog/view/vigilance-focus-8-0/,,K,General
Marketing (New),https://www.shl.com/products/product-catalog/view/marketing-new/,,K,General
Maven (New),https://www.shl.com/products/product-catalog/view/maven-new/,,K,General
Mechanical Engineering (New),https://www.shl.com/products/product-catalog/view/mechanical-engineering-new/,,K,General
Mechatronics Engineering (New),https://www.shl.com/products/product-catalog/view/mechatronics-engineering-new/,,K,General
Medical Terminology (New),https://www.shl.com/products/product-catalog/view/medical-terminology-new/,,K,General
Metallurgical Engineering (New),https://www.shl.com/products/product-catalog/view/metallurgical-engineering-new/,,K,General
MFS 360 Enterprise Leadership Report,https://www.shl.com/products/product-catalog/view/mfs-360-enterprise-leadership-report/,,K,General
MFS 360 UCF Group Report,https://www.shl.com/products/product-catalog/view/mfs-360-ucf-group-report/,,K,General
MFS 360 UCF Performance Potential Dev Tips Report,https://www.shl.com/products/product-catalog/view/mfs-360-ucf-performance-potential-dev-tips-report/,,K,General
MFS 360 UCF Standard Report,https://www.shl.com/products/product-catalog/view/mfs-360-ucf-standard-report/,,K,General
Micro Focus Unified Functional Testing (New),https://www.shl.com/products/product-catalog/view/micro-focus-unified-functional-testing-new/,,K,General
Microservices (New),https://www.shl.com/products/product-catalog/view/microservices-new/,,K,General
Microsoft Dynamics Development (New),https://www.shl.com/products/product-catalog/view/microsoft-dynamics-development-new/,,K,General
Microsoft Excel 365 - Essentials (New),https://www.shl.com/products/product-catalog/view/microsoft-excel-365-essentials-new/,,K,General
Microsoft Excel 365 (New),https://www.shl.com/products/product-catalog/view/microsoft-excel-365-new/,,K,General
Microsoft Outlook 2013 (adaptive),https://www.shl.com/products/product-catalog/view/microsoft-outlook-2013-adaptive/,,K,General
Microsoft PowerPoint 365 - Essentials (New),https://www.shl.com/products/product-catalog/view/microsoft-powerpoint-365-essentials-new/,,K,General
Microsoft SQL Server 2014 Programming,https://www.shl.com/products/product-catalog/view/microsoft-sql-server-2014-programming/,,K,General
Microsoft Windows Server 2012 Administration,https://www.shl.com/products/product-catalog/view/microsoft-windows-server-2012-administration/,,K,General
Microsoft Word 365 - Essentials (New),https://www.shl.com/products/product-catalog/view/microsoft-word-365-essentials-new/,,K,General
Microsoft Word 365 (New),https://www.shl.com/products/product-catalog/view/microsoft-word-365-new/,,K,General
Mineral Engineering (New),https://www.shl.com/products/product-catalog/view/mineral-engineering-new/,,K,General
Mining Engineering (New),https://www.shl.com/products/product-catalog/view/mining-engineering-new/,,K,General
Mobility (New),https://www.shl.com/products/product-catalog/view/mobility-new/,,K,General
Molecular Biology (New),https://www.shl.com/products/product-catalog/view/molecular-biology-new/,,K,General
MongoDB (New),https://www.shl.com/products/product-catalog/view/mongodb-new/,,K,General
Motivation Questionnaire MQM5,https://www.shl.com/products/product-catalog/view/motivation-questionnaire-mqm5/,,K,General
MQ Candidate Motivation Report,https://www.shl.com/products/product-catalog/view/mq-candidate-motivation-report/,,K,General
MQ Employee Motivation Report,https://www.shl.com/products/product-catalog/view/mq-employee-motivation-report/,,K,General
MQ Motivation Report Pack,https://www.shl.com/products/product-catalog/view/mq-motivation-report-pack/,,K,General
MQ Profile,https://www.shl.com/products/product-catalog/view/mq-profile/,,K,General
MS Access (New),https://www.shl.com/products/product-catalog/view/ms-access-new/,,K,General
MS Excel (New),https://www.shl.com/products/product-catalog/view/ms-excel-new/,,K,General
MS Office Basic Computer Literacy (New),https://www.shl.com/products/product-catalog/view/ms-office-basic-computer-literacy-new/,,K,General
MS Office Basic Computer Literacy (Sim) (New),https://www.shl.com/products/product-catalog/view/ms-office-basic-computer-literacy-sim-new/,,K,General
MS PowerPoint (New),https://www.shl.com/products/product-catalog/view/ms-powerpoint-new/,,K,General
MS Word (New),https://www.shl.com/products/product-catalog/view/ms-word-new/,,K,General
MuleSoft Development (New),https://www.shl.com/products/product-catalog/view/mulesoft-development-new/,,K,General
Multitasking Ability,https://www.shl.com/products/product-catalog/view/multitasking-ability/,,K,General
Networking and Implementation (New),https://www.shl.com/products/product-catalog/view/networking-and-implementation-new/,,K,General
Node.js (New),https://www.shl.com/products/product-catalog/view/node-js-new/,,K,General
Nursing (New),https://www.shl.com/products/product-catalog/view/nursing-new/,,K,General
Occupational Personality Questionnaire OPQ32r,https://www.shl.com/products/product-catalog/view/occupational-personality-questionnaire-opq32r/,,K,General
Operations Management (New),https://www.shl.com/products/product-catalog/view/operations-management-new/,,K,General
OPQ Candidate Plus Report,https://www.shl.com/products/product-catalog/view/opq-candidate-plus-report/,,K,General
OPQ Candidate Report 2.0,https://www.shl.com/products/product-catalog/view/opq-candidate-report-2-0/,,K,General
OPQ Emotional Intelligence Report,https://www.shl.com/products/product-catalog/view/opq-emotional-intelligence-report/,,K,General
OPQ Leadership Report,https://www.shl.com/products/product-catalog/view/opq-leadership-report/,,K,General
OPQ Manager Plus Report,https://www.shl.com/products/product-catalog/view/opq-manager-plus-report/,,K,General
OPQ Manager Plus Report 2.0,https://www.shl.com/products/product-catalog/view/opq-manager-plus-report-2-0/,,K,General
OPQ Maximising your Learning Report,https://www.shl.com/products/product-catalog/view/opq-maximising-your-learning-report/,,K,General
OPQ MQ Sales Report,https://www.shl.com/products/product-catalog/view/opq-mq-sales-report/,,K,General
OPQ Premium Plus Report,https://www.shl.com/products/product-catalog/view/opq-premium-plus-report/,,K,General
OPQ Premium Plus Report 2.0,https://www.shl.com/products/product-catalog/view/opq-premium-plus-report-2-0/,,K,General
OPQ Profile Report,https://www.shl.com/products/product-catalog/view/opq-profile-report/,,K,General
OPQ Team Impact Group Development Report,https://www.shl.com/products/product-catalog/view/opq-team-impact-group-development-report/,,K,General
OPQ Team Impact Individual Development Report,https://www.shl.com/products/product-catalog/view/opq-team-impact-individual-development-report/,,K,General
OPQ Team Impact Selection Report,https://www.shl.com/products/product-catalog/view/opq-team-impact-selection-report/,,K,General
OPQ Team Types & Leadership Styles Profile,https://www.shl.com/products/product-catalog/view/opq-team-types-and-leadership-styles-profile/,,K,General
OPQ Team Types and Leadership Styles Report,https://www.shl.com/products/product-catalog/view/opq-team-types-and-leadership-styles-report/,,K,General
OPQ UCF Development Action Planner Report 1.0,https://www.shl.com/products/product-catalog/view/opq-ucf-development-action-planner-report/,,K,General
OPQ UCF Development Action Planner Report 2.0,https://www.shl.com/products/product-catalog/view/opq-ucf-development-action-planner-report-2-0/,,K,General
OPQ Universal Competency Report 1.0,https://www.shl.com/products/product-catalog/view/opq-universal-competency-report/,,K,General
OPQ Universal Competency Report 2.0,https://www.shl.com/products/product-catalog/view/opq-universal-competency-report-2-0/,,K,General
OPQ User and Managers Report,https://www.shl.com/products/product-catalog/view/opq-user-and-managers-report/,,K,General
OPQ User Report,https://www.shl.com/products/product-catalog/view/opq-user-report/,,K,General
Oracle DBA (Advanced Level) (New),https://www.shl.com/products/product-catalog/view/oracle-dba-advanced-level-new/,,K,General
Oracle DBA (Entry Level) (New),https://www.shl.com/products/product-catalog/view/oracle-dba-entry-level-new/,,K,General
Oracle PL/SQL (New),https://www.shl.com/products/product-catalog/view/oracle-plsql-new/,,K,General
Oracle WebLogic Server (New),https://www.shl.com/products/product-catalog/view/oracle-weblogic-server-new/,,K,General
Organic Chemistry (New),https://www.shl.com/products/product-catalog/view/organic-chemistry-new/,,K,General
Paint Technology (New),https://www.shl.com/products/product-catalog/view/paint-technology-new/,,K,General
Pediatrics (New),https://www.shl.com/products/product-catalog/view/pediatrics-new/,,K,General
Pega Development (New),https://www.shl.com/products/product-catalog/view/pega-development-new/,,K,General
Perl (New),https://www.shl.com/products/product-catalog/view/perl-new/,,K,General
Petrochemical Engineering (New),https://www.shl.com/products/product-catalog/view/petrochemical-engineering-new/,,K,General
Petroleum Engineering (New),https://www.shl.com/products/product-catalog/view/petroleum-engineering-new/,,K,General
Pharmaceutical Analysis (New),https://www.shl.com/products/product-catalog/view/pharmaceutical-analysis-new/,,K,General
Pharmaceutical Chemistry (New),https://www.shl.com/products/product-catalog/view/pharmaceutical-chemistry-new/,,K,General
Pharmaceutical Science (New),https://www.shl.com/products/product-catalog/view/pharmaceutical-science-new/,,K,General
Pharmaceutics (New),https://www.shl.com/products/product-catalog/view/pharmaceutics-new/,,K,General
Pharmacology (New),https://www.shl.com/products/product-catalog/view/pharmacology-new/,,K,General
PHP (New),https://www.shl.com/products/product-catalog/view/php-new/,,K,General
PJM Development Report,https://www.shl.com/products/product-catalog/view/pjm-development-report/,,K,General
PJM Selection Report,https://www.shl.com/products/product-catalog/view/pjm-selection-report/,,K,General
Polymer Engineering (New),https://www.shl.com/products/product-catalog/view/polymer-engineering-new/,,K,General
Power Electronics and Drives (New),https://www.shl.com/products/product-catalog/view/power-electronics-and-drives-new/,,K,General
Power System Engineering (New),https://www.shl.com/products/product-catalog/view/power-system-engineering-new/,,K,General
Prism (New),https://www.shl.com/products/product-catalog/view/prism-new/,,K,General
Production and Industrial Engineering (New),https://www.shl.com/products/product-catalog/view/production-and-industrial-engineering-new/,,K,General
Production Engineering (New),https://www.shl.com/products/product-catalog/view/production-engineering-new/,,K,General
Programming Concepts,https://www.shl.com/products/product-catalog/view/programming-concepts/,,K,General
Project Management (2013),https://www.shl.com/products/product-catalog/view/project-management-2013/,,K,General
Proofreading v1,https://www.shl.com/products/product-catalog/view/proofreading-v1/,,K,General
Python (New),https://www.shl.com/products/product-catalog/view/python-new/,,K,General
R Programming (New),https://www.shl.com/products/product-catalog/view/r-programming-new/,,K,General
ReactJS (New),https://www.shl.com/products/product-catalog/view/reactjs-new/,,K,General
Reading Comprehension - English v1,https://www.shl.com/products/product-catalog/view/reading-comprehension-english-v1/,,K,General
Reading Comprehension - Spanish v1,https://www.shl.com/products/product-catalog/view/reading-comprehension-spanish-v1/,,K,General
Reading Comprehension v2,https://www.shl.com/products/product-catalog/view/reading-comprehension-v2/,,K,General
RemoteWorkQ,https://www.shl.com/products/product-catalog/view/remoteworkq/,,K,General
RemoteWorkQ Manager Report,https://www.shl.com/products/product-catalog/view/remoteworkq-manager-report/,,K,General
RemoteWorkQ Participant Report,https://www.shl.com/products/product-catalog/view/remoteworkq-participant-report/,,K,General
RESTful Web Services (New),https://www.shl.com/products/product-catalog/view/restful-web-services-new/,,K,General
Retail Sales and Service Simulation,https://www.shl.com/products/product-catalog/view/retail-sales-and-service-simulation/,,K,General
Reviewing Forms - US (R1),https://www.shl.com/products/product-catalog/view/reviewing-forms-us-r1/,,K,General
Ruby (New),https://www.shl.com/products/product-catalog/view/ruby-new/,,K,General
Ruby on Rails (New),https://www.shl.com/products/product-catalog/view/ruby-on-rails-new/,,K,General
Sales & Service Phone Simulation,https://www.shl.com/products/product-catalog/view/sales-and-service-phone-simulation/,,K,General
Sales & Service Phone Solution,https://www.shl.com/products/product-catalog/view/sales-and-service-phone-solution/,,K,General
Sales Interview Guide,https://www.shl.com/products/product-catalog/view/sales-interview-guide/,,K,General
Sales Profiler Cards,https://www.shl.com/products/product-catalog/view/sales-profiler-cards/,,K,General
Sales Transformation 1.0 - Individual Contributor,https://www.shl.com/products/product-catalog/view/sales-transformation-report-individual-contributor/,,K,General
Sales Transformation 2.0 - Individual Contributor,https://www.shl.com/products/product-catalog/view/salestransformationreport2-0-individualcontributor/,,K,General
Sales Transformation Report 1.0 - Sales Manager,https://www.shl.com/products/product-catalog/view/sales-transformation-report-sales-manager/,,K,General
Sales Transformation Report 2.0 - Sales Manager,https://www.shl.com/products/product-catalog/view/sales-transformation-report-2-0-sales-manager/,,K,General
Salesforce Development (New),https://www.shl.com/products/product-catalog/view/salesforce-development-new/,,K,General
SAP ABAP (Advanced Level) (New),https://www.shl.com/products/product-catalog/view/sap-abap-advanced-level-new/,,K,General
SAP ABAP (Intermediate Level) (New),https://www.shl.com/products/product-catalog/view/sap-abap-intermediate-level-new/,,K,General
SAP Basis (New),https://www.shl.com/products/product-catalog/view/sap-basis-new/,,K,General
SAP Business Objects WebI (New),https://www.shl.com/products/product-catalog/view/sap-business-objects-webi-new/,,K,General
SAP BW (Business Warehouse) (New),https://www.shl.com/products/product-catalog/view/sap-bw-business-warehouse-new/,,K,General
SAP HCM (Human Capital Management) (New),https://www.shl.com/products/product-catalog/view/sap-hcm-human-capital-management-new/,,K,General
SAP Hybris (New),https://www.shl.com/products/product-catalog/view/sap-hybris-new/,,K,General
SAP Materials Management (New),https://www.shl.com/products/product-catalog/view/sap-materials-management-new/,,K,General
SAP SD (Sales and Distribution) (New),https://www.shl.com/products/product-catalog/view/sap-sd-sales-and-distribution-new/,,K,General
Search Engine Optimization (New),https://www.shl.com/products/product-catalog/view/search-engine-optimization-new/,,K,General
Selenium (New),https://www.shl.com/products/product-catalog/view/selenium-new/,,K,General
Shell Scripting (New),https://www.shl.com/products/product-catalog/view/shell-scripting-new/,,K,General
SHL Verify Interactive - Inductive Reasoning,https://www.shl.com/products/product-catalog/view/shl-verify-interactive-inductive-reasoning/,,K,General
SHL Verify Interactive – Deductive Reasoning,https://www.shl.com/products/product-catalog/view/shl-verify-interactive-deductive-reasoning/,,K,General
SHL Verify Interactive – Numerical Reasoning,https://www.shl.com/products/product-catalog/view/shl-verify-interactive-numerical-reasoning/,,K,General
SHL Verify Interactive G+,https://www.shl.com/products/product-catalog/view/shl-verify-interactive-g/,,K,General
SHL Verify Interactive Numerical Calculation,https://www.shl.com/products/product-catalog/view/shl-verify-interactive-numerical-calculation/,,K,General
Siebel Development (New),https://www.shl.com/products/product-catalog/view/siebel-development-new/,,K,General
Smart Interview Live,https://www.shl.com/products/product-catalog/view/smart-interview-live/,,K,General
Smart Interview Live Coding,https://www.shl.com/products/product-catalog/view/smart-interview-live-coding/,,K,General
Smart Interview On Demand,https://www.shl.com/products/product-catalog/view/smart-interview-on-demand/,,K,General
Social Media (New),https://www.shl.com/products/product-catalog/view/social-media-new/,,K,General
Software Business Analysis,https://www.shl.com/products/product-catalog/view/software-business-analysis/,,K,General
SonarQube (New),https://www.shl.com/products/product-catalog/view/sonarqube-new/,,K,General
Spelling (U.S.) (New),https://www.shl.com/products/product-catalog/view/spelling-u-s-new/,,K,General
Split Screen Typing Test - Form 1,https://www.shl.com/products/product-catalog/view/split-screen-typing-test-form-1/,,K,General
Spring (New),https://www.shl.com/products/product-catalog/view/spring-new/,,K,General
SQL (New),https://www.shl.com/products/product-catalog/view/sql-new/,,K,General
SQL Server (New),https://www.shl.com/products/product-catalog/view/sql-server-new/,,K,General
SQL Server Analysis Services (SSAS) (New),https://www.shl.com/products/product-catalog/view/sql-server-analysis-services-%28ssas%29-%28new%29/,,K,General
SQL Server Integration Services (SSIS) (New),https://www.shl.com/products/product-catalog/view/sql-server-integration-services-ssis-new/,,K,General
SQL Server Reporting Services (SSRS) (New),https://www.shl.com/products/product-catalog/view/sql-server-reporting-services-ssrs-new/,,K,General
Statistical Analysis System (New),https://www.shl.com/products/product-catalog/view/statistical-analysis-system-new/,,K,General
Struts (New),https://www.shl.com/products/product-catalog/view/struts-new/,,K,General
SVAR - Spoken English (AUS),https://www.shl.com/products/product-catalog/view/svar-spoken-english-aus/,,K,General
SVAR - Spoken English (Indian Accent)  (New),https://www.shl.com/products/product-catalog/view/svar-spoken-english-indian-accent-new/,,K,General
SVAR - Spoken English (U.K.),https://www.shl.com/products/product-catalog/view/svar-spoken-english-u-k/,,K,General
SVAR - Spoken English (US)  (New),https://www.shl.com/products/product-catalog/view/svar-spoken-english-us-new/,,K,General
SVAR - Spoken French (Canadian) (New),https://www.shl.com/products/product-catalog/view/svar-spoken-french-canadian-new/,,K,General
SVAR - Spoken French (European) (New),https://www.shl.com/products/product-catalog/view/svar-spoken-french-european-new/,,K,General
SVAR - Spoken Spanish (Castilian) (New),https://www.shl.com/products/product-catalog/view/svar-spoken-spanish-castilian-new/,,K,General
SVAR - Spoken Spanish (North American) (New),https://www.shl.com/products/product-catalog/view/svar-spoken-spanish-north-american-new/,,K,General
Swing (New),https://www.shl.com/products/product-catalog/view/swing-new/,,K,General
Tableau (New),https://www.shl.com/products/product-catalog/view/tableau-new/,,K,General
Telecommunications Engineering (New),https://www.shl.com/products/product-catalog/view/telecommunications-engineering-new/,,K,General
Teradata Development (New),https://www.shl.com/products/product-catalog/view/teradata-development-new/,,K,General
Time Management (U.S.),https://www.shl.com/products/product-catalog/view/time-management-u-s/,,K,General
Training Development,https://www.shl.com/products/product-catalog/view/training-development/,,K,General
Typing (New),https://www.shl.com/products/product-catalog/view/typing-new/,,K,General
UiPath RPA Development (New),https://www.shl.com/products/product-catalog/view/uipath-rpa-development-new/,,K,General
Universal Competency Framework Interview Guide,https://www.shl.com/products/product-catalog/view/universal-competency-framework-interview-guide/,,K,General
Universal Competency Framework Profiler Cards (44),https://www.shl.com/products/product-catalog/view/universal-competency-framework-profiler-cards-44/,,K,General
UNIX (New),https://www.shl.com/products/product-catalog/view/unix-new/,,K,General
VB.NET (New),https://www.shl.com/products/product-catalog/view/vb-net-new/,,K,General
Verify - Deductive Reasoning,https://www.shl.com/products/product-catalog/view/verify-deductive-reasoning/,,K,General
Verify - Following Instructions,https://www.shl.com/products/product-catalog/view/verify-following-instructions/,,K,General
Verify - G+,https://www.shl.com/products/product-catalog/view/verify-g/,,K,General
Verify - General Ability Screen,https://www.shl.com/products/product-catalog/view/verify-general-ability-screen/,,K,General
Verify - Inductive Reasoning (2014),https://www.shl.com/products/product-catalog/view/verify-inductive-reasoning-2014/,,K,General
Verify - Numerical Ability,https://www.shl.com/products/product-catalog/view/verify-numerical-ability/,,K,General
Verify - Technical Checking - Next Generation,https://www.shl.com/products/product-catalog/view/verify-technical-checking-next-generation/,,K,General
Verify - Verbal Ability - Next Generation,https://www.shl.com/products/product-catalog/view/verify-verbal-ability-next-generation/,,K,General
Verify - Working with Information,https://www.shl.com/products/product-catalog/view/verify-working-with-information/,,K,General
Verify G+ - Ability Test Report,https://www.shl.com/products/product-catalog/view/verify-g-ability-test-report/,,K,General
Verify G+ - Candidate Report,https://www.shl.com/products/product-catalog/view/verify-g-candidate-report/,,K,General
Verify Interactive Ability Report,https://www.shl.com/products/product-catalog/view/verify-interactive-ability-report/,,K,General
Verify Interactive G+ Candidate Report,https://www.shl.com/products/product-catalog/view/verify-interactive-g-candidate-report/,,K,General
Verify Interactive G+ Report,https://www.shl.com/products/product-catalog/view/verify-interactive-g-report/,,K,General
Verify Interactive Process Monitoring,https://www.shl.com/products/product-catalog/view/verify-interactive-process-monitoring/,,K,General
Virtual Assessment and Development Centers,https://www.shl.com/products/product-catalog/view/virtual-assessment-and-development-centers/,,K,General
Visual Basic for Applications (New),https://www.shl.com/products/product-catalog/view/visual-basic-for-applications-new/,,K,General
Visual Comparison - UK,https://www.shl.com/products/product-catalog/view/visual-comparison-uk/,,K,General
Visual Comparison - US,https://www.shl.com/products/product-catalog/view/visual-comparison-us/,,K,General
VLSI and Embedded Systems (New),https://www.shl.com/products/product-catalog/view/vlsi-and-embedded-systems-new/,,K,General
What Is The Value - US,https://www.shl.com/products/product-catalog/view/what-is-the-value-us/,,K,General
Workplace Administration Skills (New),https://www.shl.com/products/product-catalog/view/workplace-administration-skills-new/,,K,General
Workplace Health and Safety (New),https://www.shl.com/products/product-catalog/view/workplace-health-and-safety-new/,,K,General
WriteX - Email Writing (Customer Service) (New),https://www.shl.com/products/product-catalog/view/writex-email-writing-customer-service-new/,,K,General
WriteX - Email Writing (Managerial) (New),https://www.shl.com/products/product-catalog/view/writex-email-writing-managerial-new/,,K,General
WriteX - Email Writing (Sales) (New),https://www.shl.com/products/product-catalog/view/writex-email-writing-sales-new/,,K,General
Written English v1,https://www.shl.com/products/product-catalog/view/written-english-v1/,,K,General
Written Spanish,https://www.shl.com/products/product-catalog/view/written-spanish/,,K,General
Zabbix (New),https://www.shl.com/products/product-catalog/view/zabbix-new/,,K,General
360 Digital Report,https://www.shl.com/products/product-catalog/view/360-digital-report/,,K,General
360° Multi-Rater Feedback System (MFS),https://www.shl.com/products/product-catalog/view/360-multi-rater-feedback-system-mfs/,,K,General
